/cimento-comum-1kg-argos-659096/p;CIMENTO ALTA RES CPV-ARI 40KG;60
/pedra-ensacada-20kg-ab-areias-207764/p;AREIA COBERTA 350KG P;56
/cimento-comum-1kg-argos-659096/p;CIMENTO ALTA RES CPV-ARI 40KG;60
/pedra-ensacada-20kg-ab-areias-207764/p;AREIA COBERTA 350KG P;56
/pedra-ensacada-20kg-ab-areias-207764/p;AREIA COBERTA 350KG P;56
/caixa-de-inspecao-com-tampa-100mm-tigre-731790/p;PALETE CAIXA MAD 720X720MM;51
/caixa-de-inspecao-com-tampa-100mm-tigre-731790/p;PALETE CAIXA MAD 720X720MM;51
"/fita-crepe-48mmx50m-tekbond--1560115/p;FITA ARQUEAMENTO 16,2X1220M TENAX 2040 H;51"
/balde-oval-14-litros-cristal-sanremo-781398/p;BALDE CIL C;62
/janela-de-correr-abertura-central-de-aluminio-4-folhas-com-grade-ecosul-esquadrisul-alt-100cm-x-comp-120cm-aluminio-brilhante-1641409/p;GRADE CBMM 122.270.0032;100
/broca-para-metal-de-aco-rapido-109x75mm-irwin-341827/p;BROCA HELIC ACO RAPIDO 7;56
/bocal-para-calha-circular-esquerdo-aquapluv-style-tigre-505544/p;BOCAL SAIDA CBMM 122.391.234;62
/luva-raspa-petroleira-carbografite-7cm-orelha-cinza-1631578/p;LUVA CBMM 122.231.0060;100
/revestimento-castanha-interna-piscina-azul-naval-2-5x2-5cm-caixa-c-4-pecas-eliane-1453890/p;CASTANHA CBMM 173.346.022;100
/bateria-alcalina-9v-rayovac-588105/p;BATERIA RADIO EP450 MOTOROLA NNTN4970A;52
"/curva-90o-soldavel-34x90-tigre-22705/p;CURVA CBMM 122.391.0240 POS 01,02,03;100"
/tubo-soldavel-6-metros-34-tigre-23701/p;TUBO CBMM 161-342-582;100
/tubo-soldavel-6-metros-34-tigre-23701/p;TUBO CBMM 161-342-582;100
"/placa-4x2-2-modulos-separados-branco-lunare-schneider-455180/p;PLACA IMPAC ""B"" CBMM 161-342-589;56"
/tinta-spray-alta-temperatura-brilho-natural-super-color-preto-350ml-tekbond--1559885/p;ELETRODO ALTA TEMPERATURA 618-376;65
/tinta-spray-alta-temperatura-brilho-natural-super-color-preto-350ml-tekbond--1559885/p;ELETRODO ALTA TEMPERATURA 618-376;65
/conjunto-montado-de-interruptor-4x2-simples-com-placa-10a-modulare-fame-444316/p;CONJUNTO CBMM 161.347.0108/161.347.0109;100
/conjunto-montado-de-interruptor-4x2-simples-com-placa-10a-modulare-fame-444316/p;CONJUNTO CBMM 161.347.0108/161.347.0109;100
/cone-preto-amarelo-50cm-1768824/p;CONE VEDACAO MOINHO 03;53
/cone-preto-amarelo-50cm-1768824/p;CONE VEDACAO MOINHO 03;53
"/revestimento-de-parede-bold-33x57cm-styllus-marrom-rochaforte-1273485/p;ELETRODO REVESTIMENTO DURO 3,25MM XHD;55"
"/revestimento-de-parede-bold-33x57cm-styllus-marrom-rochaforte-1273485/p;ELETRODO REVESTIMENTO DURO 3,25MM XHD;55"
/conjunto-de-acionamento-para-caixa-acoplada-castelo-astra-111635/p;EIXO ACIONAMENTO CBMM 122.381.0038;81
/suporte-para-caixa-sifonada-100mm-de-borrachaferro-redux-tigre-1779753/p;SUPORTE TUBO CBMM 122-700-064;74
/pendente-cone-branco-auremar-1474855/p;CONE CONCENT CBMM 122.373.0390;55
/conjunto-montado-de-interruptor-4x2-simples-com-placa-10a-modulare-fame-444316/p;CONJUNTO AGCO 3411868M1;52
/esticador-leve-14-gancho-e-olhal-fixtil-1575724/p;ESTICADOR ACO FORJADO 1.1;65
/tirante-arame-10-com-elo-0-5m-aco-placo-1419196/p;TIRANTE MOLA CBMM 161.392.0137;74
"/valvula-de-descarga-112-cromado-docol-762288/p;VALVULA ESF CPVC SOLD 2"" 150PSI;55"
/tirante-arame-10-com-elo-0-5m-aco-placo-1419196/p;TIRANTE MOLA CBMM 161.392.0137;74
/espacador-cone-de-encosto-mao-na-obra-34-24-unidades--1307410/p;ROLO ENCOSTO CBMM 142.361.0015;74
"/garfo-gaiola-profimax-23cm-at54623-atlas-1449834/p;GAIOLA FILTR MANG AISI304 4,0MM C;51"
/suporte-4x2-para-placa-horizontal-cinza-pialplus-pial-632147/p;SUPORTE CBMM 122.381.0134;100
/barra-45cm-tubo-cromado-1427-arthi-1380923/p;TUBO ACO 1.1;57
/manta-polietileno-3mm-10-m2-ciplak-875236/p;MANTA METSO 170 510-50131001;52
/ponteiro-eco-sdsplus-20x250mm-para-concreto-bosch-1819003/p;PONTEIRO SANDVIK BJ803;53
/ponteiro-eco-sdsplus-20x250mm-para-concreto-bosch-1819003/p;PONTEIRO SANDVIK BJ803;53
/placa-4x2-com-3-postos-branca-pial-plus-1587471/p;PLACA 5 CBMM 141.342.101;83
/tubo-soldavel-6-metros-34-tigre-23701/p;TUBO CBMM 161-342-162;100
/terminal-de-ventilacao-100mm-tigre-984809/p;TERMINAL MANG 3;70
/terminal-de-ventilacao-100mm-tigre-984809/p;TERMINAL MANG 3;70
/anel-de-borracha-para-esgoto-75mm-tigre-22802/p;ANEL CBMM 173-346-0034;100
/caixa-dagua-1500-litros-acqualimp-594962/p;CAIXA ALFA INSTR 38223;51
/arruela-lisa-14-cinza-fixtil-718599/p;ARRUELA ISOL CBMM 161.342.0212 POS 04;74
/cabo-de-rede-utp-1-metro-azul-dni-1485563/p;CABO REDE ETHERNET AZUL OU CINZA;65
/alicate-bico-redondo-tramontina-284149/p;BICO CANHAO LAMA;55
/cabo-de-rede-utp-1-metro-azul-dni-1485563/p;CABO REDE ETHERNET AZUL OU CINZA;65
/alicate-bico-redondo-tramontina-284149/p;BICO CANHAO LAMA;55
/alicate-bico-redondo-tramontina-284149/p;BICO CANHAO LAMA;55
/barramento-bifasico-80a-440v-57p-din-steck-1749722/p;ALOJAMENTO DIN ANEL FLSMIDTH 80CC-S007;51
/espacador-cone-de-encosto-mao-na-obra-34-24-unidades--1307410/p;ROLO ENCOSTO CBMM 142-361-016;74
/parafuso-atarraxante-phillips-4-8x38mm-para-parafusadeira-ppc08-fixtil-132659/p;PARAFUSO REGUL CUNHA CBMM 161.392.0136;57
/raspador-p-limpeza-azul-oikos-2312026/p;RASPADOR CBMM 161.276.0131;100
/anel-de-borracha-para-esgoto-75mm-tigre-22802/p;ANEL ISOL CBMM 161.342.0620;62
/cartucho-para-filtro-de-agua-entrada-deca-980412/p;CARTUCHO MERCK MILLIPORE QPARK00TEX;51
/cartucho-para-filtro-de-agua-entrada-deca-980412/p;CARTUCHO MERCK MILLIPORE QPARK00TEX;51
/conjunto-grelha-caixilho-lisa-15x100-costa-navarro-779873/p;CONJUNTO GRELHA PER WEIR 70172120400102;56
/rolo-para-pintura-economico-com-acessorio-tigre-1454668/p;ROLO CBMM 112.251.805;100
/cunha-de-nivelamento-para-pisos-e-revestimentos-50-pecas-cortag-1397877/p;CUNHA FIX CBMM 142.361.0001;71
/elemento-vazado-cobogo-4-pontas-concreto-39x39x7cm-cinza-ecobloco--1567365/p;ELEMENTO SEP AR;70
/chave-de-roda-17mm-prata-fosca-tramontina-283746/p;RODA CARRO CBMM 112.263.0614;57
/acionamento-para-caixa-descarga-acoplada-astra-112500/p;MANCAL ACIONAMENTO;76
/conjunto-montado-de-interruptor-4x2-simples-com-placa-10a-modulare-fame-444316/p;CONJUNTO EIXO/IMPELID CBMM 125.270.0013;76
/mangueira-para-jardim-12-super-flex-com-engate-20metros-tramontina-1339672/p;MANGUEIRA PVC CRIST INC 1;61
/mangueira-para-jardim-12-super-flex-com-engate-20metros-tramontina-1339672/p;MANGUEIRA PVC CRIST INC 1;61
/adaptador-curto-34-tigre-23361/p;ADAPTADOR SCHUNKINTEC 30024246;62
/filtro-de-agua-para-ponto-de-uso-poe-deca-979511/p;FILTRO OLEO MOTOR CATERPILLAR 1R1808;52
/filtro-de-agua-para-ponto-de-uso-poe-deca-979511/p;FILTRO OLEO MOTOR CATERPILLAR 1R1808;52
/revestimento-de-parede-hd-32-brilhante-bold-31-6x45-3cm-branco-formigres-1475738/p;REVESTIMENTO CAM SANDVIK 31.442622.101;57
/tesoura-para-cortar-chapa-10-cortag-1605445/p;CHAPA N;83
/tesoura-para-cortar-chapa-10-cortag-1605445/p;CHAPA N;83
/luva-de-latex-7-m-fixtil-1582488/p;LUVA EIXO WEIR C075C21;52
/conjunto-tomada-2p-t-10a-250v-decor-schneider-1139185/p;CONJUNTO CALCO WEIR B025P30;56
/tubo-soldavel-6-metros-34-tigre-23701/p;TUBO PU AZ 3;67
/tubo-soldavel-6-metros-34-tigre-23701/p;TUBO PU AZ 3;67
/terminal-femea-para-fios-de-1-5-a-2-5mm2-azul-fixtil-971618/p;TERMINAL MANG 1;80
/mangueira-para-jardim-12-super-flex-com-engate-20metros-tramontina-1339672/p;MANGUEIRA HIDR 1;81
/mangueira-para-jardim-12-super-flex-com-engate-20metros-tramontina-1339672/p;MANGUEIRA HIDR 1;81
/mangueira-flex-tramontina-para-jardim-2-camadas-com-engates-rosqueados-e-esguicho-comp--10-m--1626531/p;MANGUEIRA HIDR 3;72
/mangueira-flex-tramontina-para-jardim-2-camadas-com-engates-rosqueados-e-esguicho-comp--10-m--1626531/p;MANGUEIRA HIDR 3;72
/terminal-femea-para-fios-de-1-5-a-2-5mm2-azul-fixtil-971618/p;TERMINAL MANG 1;80
/terminal-femea-para-fios-de-1-5-a-2-5mm2-azul-fixtil-971618/p;TERMINAL MANG 1;80
/adaptador-com-flange-112-tigre-22187/p;FLANGE TUBO ANSI B16.5 2.1;56
/conjunto-montado-de-interruptor-4x2-simples-com-placa-vertical-pialplus-pial-631906/p;CONJUNTO EIXO CBMM 141.340.0102;76
/conjunto-montado-de-interruptor-4x2-simples-com-placa-10a-modulare-fame-444316/p;CONJUNTO GEVISA 4051083;52
/adaptador-para-tomada-reverso-15a-branco-alumbra-1139452/p;ADAPTADOR RETO MACHO LATAO 1;61
/adaptador-para-tomada-reverso-15a-branco-alumbra-1139452/p;ADAPTADOR RETO MACHO LATAO 1;61
/torneira-de-jardim-esfera-com-alavanca-12-vermelha-wog-801208/p;ALAVANCA C;89
/cimento-todas-as-obras-50kgs-cpii-z-32r-votoran-1444778/p;CIMENTO VULCAN;67
/cantoneira-2-branca-zamar-402699/p;CANTONEIRA FEMA 161342617;60
/cruzeta-soldavel-34-tigre-334430/p;CRUZETA HYSTER 1594314;60
/fita-isolante-19mmx20-m-scotch-33--preto-3m--87270/p;KIT ISOLANTE CBMM 142.342.0925;80
/adaptador-para-tomada-10a-fame-693820/p;ADAPTADOR SUP MASCARA SOLDADOR 3M 197135;60
/cone-preto-amarelo-50cm-1768824/p;CONE C;80
/adesivo-pvc-bisnaga-75g-tigre-23060/p;ADESIVO CPVC CINZA LATA 473ML;66
/espelho-redondo-64x64cm-alterna-1601903/p;ESPELHO ELMER PERKIN ELMER;55
/adaptador-curto-34-tigre-23361/p;ADAPTADOR CURTO L;94
/grampo-sargento-angular-3-stamaco-2307391/p;GRAMPO NERAK 125;55
/cartela-de-parafuso-auto-atarraxante-pat01-20-unidades-fixtil-242357/p;CARTELA CBMM 161.031.0182-FL 1/2-POS 155;100
/talhadeira-12-preta-tramontina-1212591/p;TALHADEIRA SEXT P;74
/talhadeira-12-preta-tramontina-1212591/p;TALHADEIRA SEXT P;74
/curva-45º-soldavel-2x45-tigre-22861/p;CURVA SIGNODE 95485;61
/conjunto-montado-de-interruptor-4x2-simples-com-placa-10a-modulare-fame-444316/p;CONJUNTO SAUR C0230032;53
/conjunto-tomada-2p-t-20a-250v-miluz-schneider-1549979/p;CONJUNTO FLSMIDTH 48092 01;51
/cortador-de-laminados-pl-200mm-cortag-1825070/p;CORTADOR FLSMIDTH 5 286609BR;55
/conjunto-de-fixacao-para-caixa-acoplada-astra-516821/p;CONJUNTO FIXACAO CBMM 171.372.0032;67
/conjunto-tomada-2p-t-20a-250v-miluz-schneider-1549979/p;CONJUNTO HURNER DO BRASIL 34-00501;53
/detector-de-materiais-0551-preto-skil-1392557/p;DETECTOR ANALIS PERKIN ELMER;55
/fechadura-eletronica-de-cilindro-fixo-fx2000-intelbras-1571648/p;CILINDRO ACAO RAPIDA;57
/tinta-spray-alta-temperatura-brilho-natural-super-color-preto-350ml-tekbond--1559885/p;ELETRODO ALTA TEMPERATURA 782-721;65
/capa-de-chuva-manga-longa-g-amarela-fixtil-1322729/p;CAPA TERM;62
/tesoura-para-cortar-chapa-10-cortag-1605445/p;CHAPA;100
/conjunto-montado-de-interruptor-4x2-simples-com-placa-vertical-pialplus-pial-631906/p;CONJUNTO PARAF CBMM 171.550.0001;73
/adesivo-de-silicone-neutro-280g-cinza-tekbond--1559966/p;ADESIVO ESTRUT MONOC RAP CHEMLOK 220;52
/adesivo-de-silicone-neutro-280g-preto-tekbond--1559974/p;ADESIVO ESTRUT TEQBOND 100 PRETO;68
/mangueira-flex-tramontina-para-jardim-2-camadas-com-engates-rosqueados-e-esguicho-comp--10-m--1626531/p;MANGUEIRA MONTADA 5;64
"/disjuntor-monopolar-20a-curva-c-steck-1399381/p;CURVA 90GR 8"" C;67"
/identificador-para-cabos-hellermanntyton-5-numeros-100-unidades-amarelo--1489585/p;IDENTIFICADOR AXIAL CORRIDA COD 513078;54
/cotovelo-plano-90-graus-dexson-20-x-12-mm-branco-schneider-1325582/p;COTOVELO FEM;80
/batente-3x14-tauari-mapaf-1600095/p;BATENTE FLSMIDTH 0100-0104;51
/garfo-gaiola-23cm-atlas-1584782/p;GAIOLA P;86
/corrente-de-plastico-1-metro-preto-fixtil-1575961/p;COROA BIPARTIDA CORRENTE 68Z;53
"/cabo-25mm2-preto-flexicom-1754874/p;CABO MULTP 4X2,5MM2 0,6;51"
"/cabo-25mm2-preto-flexicom-1754874/p;CABO MULTP 4X2,5MM2 0,6;51"
/garfo-gaiola-23cm-atlas-1584782/p;GAIOLA P;86
/conector-macho-28mm-ramo-391638/p;CONECTOR MACHO RETO LATAO 1;74
/adaptador-curto-34-tigre-23361/p;ADAPTADOR MC;86
/adaptador-curto-34-tigre-23361/p;ADAPTADOR MC;86
/primer-18-litros-ciplak-875570/p;PRIMER COLAG RX PVC;57
/manta-polietileno-3mm-10-m2-ciplak-875236/p;MANTA FILT 9X940MM 10M CZ;55
/luva-de-latex-6-p-fixtil-1582755/p;LUVA P;100
"/valvula-de-descarga-112-cromado-docol-762288/p;VALVULA ESF CPVC SOLD 1"" 150PSI;52"
/conjunto-tomada-2p-t-10a-250v-decor-schneider-1139185/p;CONJUNTO ACOPCO 2901057100;51
/grelha-ralodengue-com-dispositivo-antiinseto-quadrada-10cm-4-cromada-garaplas-1148672/p;DISPOSITIVO EASYMINE EC1029ESV1;52
/mola-hidraulica-aerea-850x95x110cm-branca-dorma-923150/p;MOLA CBMM 141.243.0023 POS6.3;100
/grampo-sargento-angular-3-stamaco-2307391/p;GRAMPO CHAVETA R CBMM 145.371.0058;55
/conjunto-montado-de-interruptor-4x2-simples-com-placa-10a-modulare-fame-444316/p;CONJUNTO VPR 12-104-225;52
/mangueira-flex-tramontina-para-jardim-2-camadas-com-engates-rosqueados-e-esguicho-comp--10-m--1626531/p;MANGUEIRA VOLVO 14579477;55
/adaptador-curto-34-tigre-23361/p;ADAPTADOR CURTO L;94
"/luva-roscavel-soldavel-34-tigre-22330/p;LUVA PVC-U SOLDXSOLD 2X2""SCH80 CZ;51"
/fechadura-eletronica-de-cilindro-fixo-fx2000-intelbras-1571648/p;CILINDRO MB A6708906367;52
/conector-de-emenda-2-polos-flowpack-221612-com-3-wago-1634852/p;CONECTOR MB A0001531122;52
/conector-de-emenda-2-polos-flowpack-221612-com-3-wago-1634852/p;CONECTOR MB A6935459128;52
/conjunto-montado-de-interruptor-4x2-simples-com-placa-10a-modulare-fame-444316/p;CONJUNTO MB A0008102079;52
/conjunto-montado-de-interruptor-4x2-simples-com-placa-10a-modulare-fame-444316/p;CONJUNTO MB A0272501801;52
/conjunto-montado-de-interruptor-4x2-simples-com-placa-10a-modulare-fame-444316/p;CONJUNTO MB A9583200091;52
/conjunto-montado-de-interruptor-4x2-simples-com-placa-10a-modulare-fame-444316/p;CONJUNTO MB A9798930403;52
/elemento-vazado-cobogo-4-pontas-concreto-39x39x7cm-cinza-ecobloco--1567365/p;ELEMENTO MB A0008301218;52
/fechadura-interna-de-aco-zamac-galaxy-4182-com-roseta-cromado-alianca-1211447/p;FECHADURA MB A9737500184;55
/parafuso-atarraxante-phillips-4-8x38mm-para-parafusadeira-ppc08-fixtil-132659/p;PARAFUSO MB A0009842629;52
/modulo-tomada-2p-t-20a-250v-branco-lunare-schneider-740780/p;MODULO I;86
/niple-duplo-12-ramo-399310/p;NIPLE BOMAX 320285;53
/escova-esfregona-114b-bettanin-1068482/p;ESCOVA BOMAX 515744;53
/cotovelo-90º-12-ramo-399060/p;COTOVELO BOMAX 287627;59
/conjunto-montado-de-interruptor-4x2-simples-com-placa-10a-modulare-fame-444316/p;CONJUNTO BOMAX 565493;55
/conjunto-montado-de-interruptor-4x2-simples-com-placa-10a-modulare-fame-444316/p;CONJUNTO BOMAX 583820;55
/conjunto-montado-de-interruptor-4x2-simples-com-placa-10a-modulare-fame-444316/p;CONJUNTO CEMAR 904551;55
/cotovelo-90º-sistema-x-29901x-pial-1426737/p;COTOVELO PIAL LEGRAND 107 89;63
/parafuso-sextavado-1-4x70mm-com-bucha-para-fixacao-em-bloco-oco-e-tijolo-macico-poc10-fixtil-134651/p;PARAFUSO SX 1;87
/parafuso-sextavado-1-4x70mm-com-bucha-para-fixacao-em-bloco-oco-e-tijolo-macico-poc10-fixtil-134651/p;PARAFUSO SX 1;87
/parafuso-sextavado-1-4x70mm-com-bucha-para-fixacao-em-bloco-oco-e-tijolo-macico-poc10-fixtil-134651/p;PARAFUSO SX 1;87
/parafuso-sextavado-1-4x70mm-com-bucha-para-fixacao-em-bloco-oco-e-tijolo-macico-poc10-fixtil-134651/p;PARAFUSO SX 1;87
/parafuso-sextavado-1-4x70mm-com-bucha-para-fixacao-em-bloco-oco-e-tijolo-macico-poc10-fixtil-134651/p;PARAFUSO SX 1;87
/parafuso-sextavado-1-4x70mm-com-bucha-para-fixacao-em-bloco-oco-e-tijolo-macico-poc10-fixtil-134651/p;PARAFUSO SX 1;87
/parafuso-sextavado-1-4x70mm-com-bucha-para-fixacao-em-bloco-oco-e-tijolo-macico-poc10-fixtil-134651/p;PARAFUSO SX 1;87
/parafuso-sextavado-1-4x70mm-com-bucha-para-fixacao-em-bloco-oco-e-tijolo-macico-poc10-fixtil-134651/p;PARAFUSO SX 1;87
/parafuso-sextavado-1-4x70mm-com-bucha-para-fixacao-em-bloco-oco-e-tijolo-macico-poc10-fixtil-134651/p;PARAFUSO SX 1;87
/parafuso-sextavado-1-4x70mm-com-bucha-para-fixacao-em-bloco-oco-e-tijolo-macico-poc10-fixtil-134651/p;PARAFUSO SX 1;87
/parafuso-p-drywall-cabeca-trombeta-ponta-agulha-3-5x45mm-fixtil-1381601/p;PARAFUSO SX 3;87
/parafuso-sextavado-1-4x70mm-com-bucha-para-fixacao-em-bloco-oco-e-tijolo-macico-poc10-fixtil-134651/p;PARAFUSO SX 1;87
/parafuso-sextavado-1-4x70mm-com-bucha-para-fixacao-em-bloco-oco-e-tijolo-macico-poc10-fixtil-134651/p;PARAFUSO SX 1;87
/parafuso-p-drywall-cabeca-trombeta-ponta-agulha-3-5x45mm-fixtil-1381601/p;PARAFUSO SX 3;87
/parafuso-p-drywall-cabeca-trombeta-ponta-agulha-3-5x45mm-fixtil-1381601/p;PARAFUSO SX 3;87
/parafuso-p-drywall-cabeca-trombeta-ponta-agulha-3-5x45mm-fixtil-1381601/p;PARAFUSO SX 3;87
/parafuso-p-drywall-cabeca-trombeta-ponta-agulha-3-5x45mm-fixtil-1381601/p;PARAFUSO SX 3;87
/parafuso-p-drywall-cabeca-trombeta-ponta-agulha-3-5x45mm-fixtil-1381601/p;PARAFUSO SX 3;87
/parafuso-p-drywall-cabeca-trombeta-ponta-agulha-3-5x45mm-fixtil-1381601/p;PARAFUSO SX 3;87
/parafuso-p-drywall-cabeca-trombeta-ponta-agulha-3-5x45mm-fixtil-1381601/p;PARAFUSO SX 3;87
/parafuso-fenda-cabeca-chata-c-bucha-5-5x100mm-pmb12-c-2-pecas-fixtil-1428373/p;PARAFUSO SX 5;87
/parafuso-fenda-cabeca-chata-c-bucha-5-5x100mm-pmb12-c-2-pecas-fixtil-1428373/p;PARAFUSO SX 5;87
/parafuso-fenda-cabeca-chata-c-bucha-5-5x100mm-pmb12-c-2-pecas-fixtil-1428373/p;PARAFUSO SX 5;87
/parafuso-fenda-cabeca-chata-c-bucha-5-5x100mm-pmb12-c-2-pecas-fixtil-1428373/p;PARAFUSO SX 5;87
/parafuso-fenda-cabeca-chata-c-bucha-5-5x100mm-pmb12-c-2-pecas-fixtil-1428373/p;PARAFUSO SX 5;87
/parafuso-fenda-cabeca-chata-c-bucha-5-5x100mm-pmb12-c-2-pecas-fixtil-1428373/p;PARAFUSO SX 5;87
/parafuso-fenda-cabeca-chata-c-bucha-5-5x100mm-pmb12-c-2-pecas-fixtil-1428373/p;PARAFUSO SX 5;87
/parafuso-fenda-cabeca-chata-c-bucha-5-5x100mm-pmb12-c-2-pecas-fixtil-1428373/p;PARAFUSO SX 5;87
/parafuso-fenda-cabeca-chata-c-bucha-5-5x100mm-pmb12-c-2-pecas-fixtil-1428373/p;PARAFUSO SX 5;87
/parafuso-fenda-cabeca-chata-c-bucha-5-5x100mm-pmb12-c-2-pecas-fixtil-1428373/p;PARAFUSO SX 5;87
/parafuso-fenda-cabeca-chata-c-bucha-5-5x100mm-pmb12-c-2-pecas-fixtil-1428373/p;PARAFUSO SX 5;87
/parafuso-fenda-cabeca-chata-c-bucha-5-5x100mm-pmb12-c-2-pecas-fixtil-1428373/p;PARAFUSO SX 5;87
/arruela-lisa-14-cinza-fixtil-718599/p;ARRUELA LISA A;92
/arruela-lisa-14-cinza-fixtil-718599/p;ARRUELA LISA A;92
/arruela-lisa-14-cinza-fixtil-718599/p;ARRUELA LISA A;92
/arruela-lisa-14-cinza-fixtil-718599/p;ARRUELA LISA A;92
/arruela-lisa-14-cinza-fixtil-718599/p;ARRUELA LISA A;92
/arruela-lisa-14-cinza-fixtil-718599/p;ARRUELA LISA A;92
/arruela-lisa-14-cinza-fixtil-718599/p;ARRUELA LISA A;92
/arruela-lisa-14-cinza-fixtil-718599/p;ARRUELA LISA A;92
/arruela-lisa-14-cinza-fixtil-718599/p;ARRUELA LISA A;92
/arruela-lisa-14-cinza-fixtil-718599/p;ARRUELA LISA A;92
/arruela-lisa-14-cinza-fixtil-718599/p;ARRUELA LISA A;92
/arruela-lisa-14-cinza-fixtil-718599/p;ARRUELA LISA A;92
/arruela-lisa-14-cinza-fixtil-718599/p;ARRUELA LISA A;92
/arruela-lisa-14-cinza-fixtil-718599/p;ARRUELA LISA A;92
/parafuso-frances-14-x-2-com-porca-e-arruela-pfr3-fixtil-133094/p;PORCA SEXT 1;74
/parafuso-frances-14-x-2-com-porca-e-arruela-pfr3-fixtil-133094/p;PORCA SEXT 1;74
/parafuso-frances-com-porca-e-arruela-pfr08-516-x-3-zincado-fixtil-134570/p;PORCA SEXT 3;74
/parafuso-frances-com-porca-e-arruela-pfr08-516-x-3-zincado-fixtil-134570/p;PORCA SEXT 3;74
/parafuso-frances-com-porca-e-arruela-pfr08-516-x-3-zincado-fixtil-134570/p;PORCA SEXT 3;74
/parafuso-frances-com-porca-e-arruela-pfr08-516-x-3-zincado-fixtil-134570/p;PORCA SEXT 3;74
/parafuso-frances-com-porca-e-arruela-pfr08-516-x-3-zincado-fixtil-134570/p;PORCA SEXT 3;74
/parafuso-frances-com-porca-e-arruela-pfr08-516-x-3-zincado-fixtil-134570/p;PORCA SEXT 5;74
/parafuso-frances-com-porca-e-arruela-pfr08-516-x-3-zincado-fixtil-134570/p;PORCA SEXT 5;74
/parafuso-frances-com-porca-e-arruela-pfr08-516-x-3-zincado-fixtil-134570/p;PORCA SEXT 5;74
/parafuso-frances-com-porca-e-arruela-pfr08-516-x-3-zincado-fixtil-134570/p;PORCA SEXT 5;74
/parafuso-frances-com-porca-e-arruela-pfr08-516-x-3-zincado-fixtil-134570/p;PORCA SEXT 5;74
/parafuso-frances-com-porca-e-arruela-pfr08-516-x-3-zincado-fixtil-134570/p;PORCA SEXT 7;59
/parafuso-frances-com-porca-e-arruela-pfr08-516-x-3-zincado-fixtil-134570/p;PORCA SEXT 7;59
/parafuso-atarraxante-phillips-4-8x38mm-para-parafusadeira-ppc08-fixtil-132659/p;PARAFUSO MR 40182300;57
/abracadeira-rapstrap-neutra-10x300mm-24un-schneider-1368427/p;ABRACADEIRA MR 90053801;65
"/cotovelo-90º-12-ramo-399060/p;COTOVELO 90GR FERRO FEM BSP 1"";67"
"/cotovelo-90º-12-ramo-399060/p;COTOVELO 90GR FERRO FEM BSP 1"";67"
/cotovelo-90º-12-ramo-399060/p;COTOVELO 90GR FERRO FEM BSP 1.1;67
/cotovelo-90º-12-ramo-399060/p;COTOVELO 90GR FERRO FEM BSP 1.1;67
/cotovelo-90º-12-ramo-399060/p;COTOVELO 90GR FERRO FEM BSP 1;67
/elemento-vazado-cobogo-4-pontas-concreto-39x39x7cm-cinza-ecobloco--1567365/p;ELEMENTO FIAT 71754237;53
/elemento-vazado-cobogo-4-pontas-concreto-39x39x7cm-cinza-ecobloco--1567365/p;ELEMENTO FIAT 71754237;53
/elemento-vazado-cobogo-4-pontas-concreto-39x39x7cm-cinza-ecobloco--1567365/p;ELEMENTO FIAT 71754237;53
"/niple-duplo-1-ramo-399353/p;NIPLE FERRO MALEAVEL BSP 1"" 300PSI;56"
/elemento-vazado-cobogo-4-pontas-concreto-39x39x7cm-cinza-ecobloco--1567365/p;ELEMENTO FIAT 71754237;53
"/niple-duplo-1-ramo-399353/p;NIPLE FERRO MALEAVEL BSP 1"" 300PSI;56"
/niple-duplo-1-ramo-399353/p;NIPLE FERRO MALEAVEL BSP 1.1;56
/niple-duplo-1-ramo-399353/p;NIPLE FERRO MALEAVEL BSP 1.1;56
/niple-duplo-1-ramo-399353/p;NIPLE FERRO MALEAVEL BSP 1;56
/niple-duplo-1-ramo-399353/p;NIPLE FERRO MALEAVEL BSP 1;56
/niple-duplo-1-ramo-399353/p;NIPLE FERRO MALEAVEL BSP 1;56
"/niple-de-reducao-34x12-ramo-399302/p;NIPLE FERRO MALEAVEL BSP 2"" 300PSI;53"
"/niple-de-reducao-34x12-ramo-399302/p;NIPLE FERRO MALEAVEL BSP 2"" 300PSI;53"
/arruela-lisa-532-cinza-fixtil-718572/p;ARRUELA MERCEDES BENZ A9473250070;51
/parafuso-sextavado-1-4x70mm-com-bucha-para-fixacao-em-bloco-oco-e-tijolo-macico-poc10-fixtil-134651/p;PARAFUSO FORNAC 10.816.625;59
/canaleta-14x19x29cm-nova-conquista-219509/p;CANALETA FECH PVC 80X80MMX2M;55
/arruela-lisa-316-cinza-fixtil-718580/p;ARRUELA FORNAC 11.016.628;55
/arruela-lisa-14-cinza-fixtil-718599/p;ARRUELA FORNAC 11.011.137;52
/conector-latao-com-solda-34-ramo-391034/p;CONECTOR ATERR LATAO 16-50 MM2;58
/curva-90o-curta-esgoto-40x90mm-tigre-24295/p;CURVA 350X100MM 90GR EXAUSTAO;53
/cantoneira-metalica-cr3-300mm-tabica-placo-1419110/p;CANTONEIRA ZZ 38X120MM ACO CH16;58
/amortecedor-vaso-sanitario-para-esgoto-100mm-redux-tigre--1780050/p;AMORTECEDOR HYSTER 1693442;59
/amortecedor-vaso-sanitario-para-esgoto-100mm-redux-tigre--1780050/p;AMORTECEDOR HYSTER 1693442;59
/amortecedor-vaso-sanitario-para-esgoto-100mm-redux-tigre--1780050/p;AMORTECEDOR HYSTER 1693442;59
/amortecedor-vaso-sanitario-para-esgoto-100mm-redux-tigre--1780050/p;AMORTECEDOR HYSTER 1693442;59
/amortecedor-vaso-sanitario-para-esgoto-100mm-redux-tigre--1780050/p;AMORTECEDOR HYSTER 1693443;59
/amortecedor-vaso-sanitario-para-esgoto-100mm-redux-tigre--1780050/p;AMORTECEDOR HYSTER 1693443;59
/amortecedor-vaso-sanitario-para-esgoto-100mm-redux-tigre--1780050/p;AMORTECEDOR HYSTER 1693443;59
/arruela-lisa-516-arl04-fixtil-133043/p;ARRUELA HYSTER 1627804;54
/arruela-lisa-516-arl04-fixtil-133043/p;ARRUELA HYSTER 1627804;54
/kit-compressor-de-ar-ferrari--513636/p;COMPRESSOR HYSTER 4605389;57
/kit-compressor-de-ar-ferrari--513636/p;COMPRESSOR HYSTER 4605389;57
/defletor-auto-fechante-150mm-branco-wdb-1320769/p;DEFLETOR SIGNODE 694704;52
/conjunto-montado-de-interruptor-4x2-simples-com-placa-10a-modulare-fame-444316/p;CONJUNTO DEMAG;73
/cartucho-para-filtro-de-agua-entrada-deca-980412/p;CARTUCHO SOLDA N°90 90G;53
/espelho-bisote-blu-6080-bumi-1386131/p;ESPELHO MERCEDES BENZ A.979.810.1316;53
/arruela-lisa-38-10-unidades-fixtil-1428519/p;ARRUELA MITSUBISHI MD050317;52
/arruela-lisa-38-10-unidades-fixtil-1428519/p;ARRUELA MITSUBISHI MD050317;52
/arruela-lisa-38-10-unidades-fixtil-1428519/p;ARRUELA MITSUBISHI MD050317;52
/conjunto-tomada-2p-t-10a-250v-decor-schneider-1139185/p;CONJUNTO SILENCIAD CATERPILLAR 295-8281;52
/isolador-de-fase-steck-1564706/p;ISOLADOR CASE 4895360;60
/isolador-de-fase-steck-1564706/p;ISOLADOR CASE 4895360;60
/macaneta-alavanca-cromada-alianca-166740/p;MANOPLA ALAVANCA FIAT 75682336;52
/cabide-duplo-grande-zincado-alianca-1400800/p;CABIDE DUPL AC NIQ VONDER;58
/mangueira-flex-tramontina-para-jardim-2-camadas-com-engates-rosqueados-e-esguicho-comp--10-m--1626531/p;MANGUEIRA ROYCE RC.800.402;51
/mangueira-flex-tramontina-para-jardim-2-camadas-com-engates-rosqueados-e-esguicho-comp--10-m--1626531/p;MANGUEIRA ROYCE RC.800.402;51
/isolador-de-fase-steck-1564706/p;ISOLADOR PEPPERL FUCHS KHD2-OT1;53
/reparo-para-valvula-hydra-max-114-e-112-deca-530530/p;REPARO SEW KITBR;55
/reparo-para-valvula-hydra-max-114-e-112-deca-530530/p;REPARO SEW KITBR;55
/isolador-de-fase-steck-1564706/p;ISOLADOR ALD 11053391;55
/arejador-completo-para-torneira-de-cozinha-com-articulador-padrao-deca--fabrimar-e-docol-blukit--1410695/p;ARTICULADOR MITSUBISHI MR510267;52
/arejador-completo-para-torneira-de-cozinha-com-articulador-padrao-deca--fabrimar-e-docol-blukit--1410695/p;ARTICULADOR MITSUBISHI MR510267;52
/chumbador-14x2-com-parafuso--arruela--jaqueta-e-cone-para-fixacao-pesada-chu01-fixtil-135011/p;CHUMBADOR A C GV PBA 1;67
/chumbador-14x2-com-parafuso--arruela--jaqueta-e-cone-para-fixacao-pesada-chu01-fixtil-135011/p;CHUMBADOR A C GV PBA 1;67
/chumbador-14x2-com-parafuso--arruela--jaqueta-e-cone-para-fixacao-pesada-chu01-fixtil-135011/p;CHUMBADOR A C GV PBA 1;67
/pastilha-de-vidro-30x30cm-mescla-caramelo-vidro-real-1355287/p;PASTILHA CJ FREIO CAMINH FIAT;54
/pastilha-de-vidro-30x30cm-mescla-caramelo-vidro-real-1355287/p;PASTILHA CJ FREIO CAMINH FIAT;54
/pastilha-de-vidro-30x30cm-mescla-caramelo-vidro-real-1355287/p;PASTILHA CJ FREIO CAMINH FIAT;54
/pastilha-de-vidro-30x30cm-mescla-caramelo-vidro-real-1355287/p;PASTILHA CJ FREIO CAMINH FIAT;54
/elemento-vazado-cobogo-4-pontas-concreto-39x39x7cm-cinza-ecobloco--1567365/p;ELEMENTO FIAT 51977574;53
/elemento-vazado-cobogo-4-pontas-concreto-39x39x7cm-cinza-ecobloco--1567365/p;ELEMENTO FIAT 51977574;53
/arruela-lisa-14-cinza-fixtil-718599/p;ARRUELA WEG 10021571;52
"/abracadeira-rapstrap-neutra-10x300mm-24un-schneider-1368427/p;ABRACADEIRA ITT 38-51F14,5;59"
/trena-de-bolso-8-metros-em-mm-e-polegadas-kts18mes-starrett-1278584/p;TRENA 3M 13MM MM;67
/trena-de-bolso-8-metros-em-mm-e-polegadas-kts18mes-starrett-1278584/p;TRENA 3M 13MM MM;67
/trena-de-bolso-8-metros-em-mm-e-polegadas-kts18mes-starrett-1278584/p;TRENA 3M 13MM MM;67
/trena-de-bolso-8-metros-em-mm-e-polegadas-kts18mes-starrett-1278584/p;TRENA 3M 13MM MM;67
/arruela-lisa-38-10-unidades-fixtil-1428519/p;ARRUELA SIGNODE 162568;53
/arruela-lisa-14-cinza-fixtil-718599/p;ARRUELA SIMPLEX 1939;52
/capa-de-chuva-manga-longa-g-amarela-fixtil-1322729/p;CAPA P;80
/capa-de-chuva-manga-longa-g-amarela-fixtil-1322729/p;CAPA P;80
/chave-torx-t8-novipro-1521500/p;CHAVE COMB C;59
/chave-torx-t8-novipro-1521500/p;CHAVE COMB C;59
/esmerilhadeira-angular-700w-lcm-9002-127v-preta-skill-1514229/p;ESMERILHADEIRA (ELIM VER COD 30034618);56
/esmerilhadeira-angular-700w-lcm-9002-127v-preta-skill-1514229/p;ESMERILHADEIRA (ELIM VER COD 30034618);56
/esmerilhadeira-angular-700w-lcm-9002-127v-preta-skill-1514229/p;ESMERILHADEIRA (ELIM VER COD 30034618);56
/compressor-de-ar-com-lanterna-12v-schulz-375225/p;COMPRESSOR AR C;93
/carretel-de-1-fio-de-nylon-1-6mm-78799463-8-metros-preto-tramontina-1125648/p;CARRETEL DEL REY 1.020.336;56
/batente-3x14-tauari-mapaf-1600095/p;BATENTE FIAT 7521937;53
/mangueira-de-jardim-aquapop-15m-azul-gf-garden-2322102/p;MANGUEIRA PU ESP AM VONDER;53
/desempenadeira-plastica-lisa-18x30cm-cortag-1189417/p;DESEMPENADEIRA LI PVC 17X30CM PVC FECH;76
/desempenadeira-plastica-lisa-18x30cm-cortag-1189417/p;DESEMPENADEIRA LI PVC 17X30CM PVC FECH;76
/bucha-de-fixacao-c-anel-8mm-fixtil-1380060/p;BUCHA ALTA PRESSAO DES FO.22-180 B5022;51
/arruela-lisa-14-cinza-fixtil-718599/p;ARRUELA WETZEL ARA-40;56
/conjunto-de-fechamento-para-mecanismo-astra-117722/p;MECANISMO METALICO BOSTON METAL;54
/trena-a-laser-glm-50c-metros-bosch-1480065/p;ENVOLOCRO PIROMETRO LASER LUMA SENSE;54
/conector-macho-a-25mmx34-cb-ppr-tigre--2293099/p;CONECTOR AVAYA RJ-45 MACHO CAT 5E;62
/limpador-neutro-1-litro-duratto-1375830/p;LIMPADOR ALIM CBMM;62
/parafuso-atarraxante-phillips-4-8x38mm-para-parafusadeira-ppc08-fixtil-132659/p;PARAFUSO MANITOU 191113;52
/arruela-lisa-14-cinza-fixtil-718599/p;ARRUELA MANITOU 479802;51
/calha-classic-120-mm-odem-1384198/p;CALHA DESCARGA A C CBMM;58
/dobradica-simples-em-aco-carbono-6-3x7-6cm-3025-com-rolamento-3-pecas-prata-pado-617130/p;ROLAMENTO SEW 106046;62
/arruela-lisa-14-cinza-fixtil-718599/p;ARRUELA SEW 121592;56
/arruela-lisa-14-cinza-fixtil-718599/p;ARRUELA SEW 13261126;52
/anel-de-borracha-para-esgoto-75mm-tigre-22802/p;ANEL ELAST TRANSM PA CARREG CAT;51
/parafuso-chato-phillips-5x70mm-fixtil-1387235/p;PARAFUSO CATERPILLAR 8C-8478;55
/parafuso-atarraxante-phillips-4-8x38mm-para-parafusadeira-ppc08-fixtil-132659/p;PARAFUSO BRASTAN 907683;52
/pastilha-de-vidro-30x30cm-branco-gelo-vidro-real-1355260/p;PASTILHA BRASTAN KC 730;55
/arruela-lisa-14-cinza-fixtil-718599/p;ARRUELA EIRICH 9568;54
/parafuso-atarraxante-phillips-4-8x38mm-para-parafusadeira-ppc08-fixtil-132659/p;PARAFUSO EIRICH 8203;57
/parafuso-atarraxante-phillips-4-8x38mm-para-parafusadeira-ppc08-fixtil-132659/p;PARAFUSO EIRICH 6329;57
/abracadeira-chaveta-1-3-unidades-tramontina-1445413/p;CHAVETA;100
/mangueira-de-jardim-flexivel-com-engate-com-30-metros-verde-tramontina-1126024/p;ENGATE LING CBMM;55
/conjunto-montado-de-interruptor-4x2-simples-com-placa-10a-modulare-fame-444316/p;CONJUNTO BOMAX 477358;55
/caixa-de-luz-retangular-4x2-amarela-forceline-1636464/p;CAIXA CONEX CX;53
/pastilha-de-porcelana-5x5cm-placa-31x31cm-azul-leblon-jatoba-1236385/p;PASTILHA FRAS LE PD;59
/adaptador-curto-34-tigre-23361/p;ADAPTADOR EIRICH 17904;58
/compressor-de-ar-com-lanterna-12v-schulz-375225/p;COMPRESSOR AUTOMOT 24V ROYCE;59
"/cruzeta-soldavel-112-tigre-334936/p;CRUZETA ACO FORJADO SOLD 1"" 3000PSI;53"
/conector-reto-sem-rosca-34-tramontina-1445693/p;CONECTOR AUTOMOT FEM NY RAINHA;62
/pastilha-de-vidro-30x30cm-verde-paris-vidro-real-1355449/p;PASTILHA SAUR PE 4366-34;51
/parafuso-atarraxante-phillips-4-8x38mm-para-parafusadeira-ppc08-fixtil-132659/p;PARAFUSO WEIR D012M;59
/amortecedor-vaso-sanitario-para-esgoto-100mm-redux-tigre--1780050/p;AMORTECEDOR GAS LIFT MAGRAL;58
/amortecedor-vaso-sanitario-para-esgoto-100mm-redux-tigre--1780050/p;AMORTECEDOR GAS LIFT MAGRAL;58
/espatula-de-aco-inox-modelo-2153-n6-tigre-539635/p;ESPATULA FLEX LAM LI A C 216X80MM;55
/espatula-de-aco-inox-modelo-2153-n6-tigre-539635/p;ESPATULA FLEX LAM LI A C 216X80MM;55
/cotovelo-90º-12-ramo-399060/p;COTOVELO SANDVIK 900.0002-00;67
/parafuso-atarraxante-phillips-4-8x38mm-para-parafusadeira-ppc08-fixtil-132659/p;PARAFUSO MR 6521700;59
/capacitor-esgoto-100mm-redux-tigre--1780115/p;CAPACITOR LECO 619-593-160;53
/acionamento-para-caixa-descarga-acoplada-astra-112500/p;MANOPLA ACIONAMENTO WEG 14164524;51
/bucha-de-reducao-34x12-ramo-399426/p;BUCHA REDUCAO 165.233.0007;57
/arruela-lisa-14-cinza-fixtil-718599/p;ARRUELA SEGURANCA EIRICH C0012974;52
/conjunto-interruptor-duplo-simples-10a-branco-lunare-schneider-539171/p;INTERRUPTOR PARAL SCHNEIDER PRM2452;75
/capacho-happy-60x30cm-fibra-natural-bege-coisas-e-coisinhas-1563378/p;FIBRA PE;77
/parafuso-atarraxante-phillips-4-8x38mm-para-parafusadeira-ppc08-fixtil-132659/p;PARAFUSO SAUR M0210250;53
/amortecedor-vaso-sanitario-para-esgoto-100mm-redux-tigre--1780050/p;AMORTECEDOR STHIL 11217909912;55
/adaptador-curto-34-tigre-23361/p;ADAPTADOR SAUR M0280588;56
/carretel-de-1-fio-de-nylon-1-6mm-78799463-8-metros-preto-tramontina-1125648/p;CARRETEL T C;80
/arruela-lisa-14-cinza-fixtil-718599/p;ARRUELA FIAT 14496721;56
/parafuso-atarraxante-phillips-4-8x38mm-para-parafusadeira-ppc08-fixtil-132659/p;PARAFUSO FIAT 46829837;53
/arruela-lisa-14-cinza-fixtil-718599/p;ARRUELA SKF MB27;61
/jogo-de-ferramentas-versatil-8-pecas-tramontina-279803/p;JOGO FERRAMENTA STHIL 11218901400;56
/barra-de-apoio-40cm-7102-censi-1542214/p;BARRA ISCAR SIR 0020 P16;52
/grampo-para-haste-58-asantos-1433156/p;GRAMPO SMS SIEMAG 11157108;57
"/quadro-decorativo-22x31cm-moldura-fit-white-1744968/p;MOLDURA QUADRO A3 40,00 X 30,00 CM;62"
/adaptador-curto-34-tigre-23361/p;ADAPTADOR JOHN DEERE 38H1338;53
/adaptador-curto-34-tigre-23361/p;ADAPTADOR VOLVO 15633940;57
/barra-de-apoio-60cm-7103-censi-1542222/p;BARRA TENSAO SMS SIEMAG 11116003;52
/chave-torx-t8-novipro-1521500/p;CHAVE TORX JG TT9-TT40 SATA ST09123SJ;65
/barra-de-apoio-40cm-7102-censi-1542214/p;BARRA VICON TR221022;52
/arruela-lisa-14-cinza-fixtil-718599/p;ARRUELA SEW 1034456;54
/parafuso-atarraxante-phillips-4-8x38mm-para-parafusadeira-ppc08-fixtil-132659/p;PARAFUSO LECO 190-055;55
/adaptador-curto-34-tigre-23361/p;ADAPTADOR NETZSCH 4439075;53
/bobina-de-papelao-ondulada-270-gr-1000mm-x-5m-pilar-1624407/p;BOBINA PAPEL MEGABRAS 06053;55
/anel-de-borracha-para-esgoto-50mm-tigre-22772/p;BORRACHA WACNER 0102862;52
/grelha-quadrada-com-caixilho-10x10cm-com-fecho-aquainox-aquaplas-1533983/p;GRELHA BOCO LOBO 30X90CM ARTICULAVEL;53
/adaptador-para-tomada-branco-alumbra-1094254/p;ADAPTADOR PERKIN ELMER N0790143;54
"/adaptador-com-flange-114-tigre-22152/p;FLANGE SOLTO ACO A105 150PSI 8"";53"
/adaptador-telefonico-rj11-2-saidas-femea-e-1-macho-kitflex-905143/p;ADAPTADOR STORZ 2.1;81
/adaptador-2p-t-preto-690661-pial-768790/p;ADAPTADOR BRAY 9000A1-22600536;55
/fita-auto-adesiva-veda-tudo-30cm-x-10-metros-quartzolit-1481282/p;FITA ADESIVA EMPAC TRANSP 45CM X 45M;56
/fita-auto-adesiva-veda-tudo-30cm-x-10-metros-quartzolit-1481282/p;FITA ADESIVA EMPAC TRANSP 45CM X 45M;56
/fita-auto-adesiva-veda-tudo-30cm-x-10-metros-quartzolit-1481282/p;FITA ADESIVA EMPAC TRANSP 45CM X 45M;56
/graxa-branca-50g-ultralub-1562436/p;GRAXA LUBRIF LUBRAX LITH-2EP 20KG;52
/porta-detergente--sabao-e-bucha-1437-arthi-1380966/p;DETERGENTE ACIDO GRAN 50KG BELVA E -308;59
/pasta-aba-elastico-oficio-lb-4cm-executive-dello-preta-1730517/p;ELASTICO FIX P;73
/bota-pvc-preta-c-biqueira-cano-medio-42-fixtil-1318292/p;BOTA SEG COURO PT C.LONGO BIQ ACO 41;54
/bota-pvc-preta-c-biqueira-cano-medio-42-fixtil-1318292/p;BOTA SEG COURO PT C.LONGO BIQ ACO 42;57
/bota-pvc-preta-c-biqueira-cano-medio-42-fixtil-1318292/p;BOTA SEG COURO PT C.LONGO BIQ ACO 43;54
/bota-pvc-preta-c-biqueira-cano-medio-38-fixtil-1317938/p;BOTINA SEG VAQ PT BIQ COMPOSITE CADAR 37;52
/bota-pvc-preta-c-biqueira-cano-medio-42-fixtil-1318292/p;BOTINA SEG VAQ PT BIQ COMPOSITE CADAR 41;52
/bota-pvc-preta-c-biqueira-cano-medio-44-fixtil-1318675/p;BOTINA SEG VAQ PT BIQ COMPOSITE CADAR 44;54
/capacete-azul-dura-plus-857688/p;CAPACETE SEG CINZA;63
/luva-ultrane-tam-9-preta-fixtil-1582747/p;LUVA SEG TAM 9 VAQ CANO CURTO;51
/respirador-descartavel-concha-60unidades-branco-8822-3m--1516892/p;RESPIRADOR DESC TAM U C;61
/tapete-em-vinil-60x40cm-10mm-silver-preto-kapazi-1489674/p;TAPETE VIN PT RETANG 40X80CM S;62
/fita-de-demarcacao-zebrada-50m-preto-amarelo-1768794/p;FITA SEGUR ZEBRADA AM;73
/capa-para-sifao-cromado-deca-56677/p;CAPA PROT 7;71
/capa-para-sifao-cromado-deca-56677/p;CAPA PROT 7;71
/avental-pvc-forrado-120x70cm-preto-fixtil-1322613/p;AVENTAL KCA PRAT 1200MM;59
/avental-pvc-forrado-120x70cm-preto-fixtil-1322613/p;AVENTAL KCA PRAT 1200MM;59
/furadeira-parafusadeira-gsr-1000-smart-a-bateria-12v-6mm-bosch-1420267/p;BATERIA AUTO 12V 150A;69
/luva-ultrane-tam-9-preta-fixtil-1582747/p;LUVA SEG TAM 8 DANNY ULTRAFLEX DA12600;52
/luva-ultrane-tam-9-preta-fixtil-1582747/p;LUVA SEG TAM G MAXIGRIP PRO DA12700;52
/capa-para-sifao-cromado-deca-56677/p;CAPA PROT 7;71
/capacete-azul-dura-plus-857688/p;CAPACETE SEG LARANJA;65
/respirador-descartavel-concha-60unidades-branco-8822-3m--1516892/p;RESPIRADOR DESC TAM U C;61
/tesoura-para-cortar-chapa-10-cortag-1605445/p;CHAPA IKA C-MAG HP 10;55
/luva-de-vaqueta-c-reforco-fixtil-1584367/p;LUVA SEG VAQUETA PUNHO DE MALHA;65
"/primer-3-6-litros-ciplak-875520/p;PRIMER INTERGARD 235 VM OX GL 3,6L;59"
"/primer-3-6-litros-ciplak-875520/p;PRIMER INTERZONE 954 PT N1 GL 3,6L;59"
/bota-pvc-preta-c-biqueira-cano-medio-38-fixtil-1317938/p;BOTA SEG COURO PT C.LONGO BIQ ACO 38;57
/avental-pvc-forrado-120x70cm-preto-fixtil-1322613/p;AVENTAL PVC BR 1200X600MM;61
/bota-pvc-preta-c-biqueira-cano-medio-38-fixtil-1317938/p;BOTA SEG COURO PT C.LONGO BIQ ACO 39;54
/bota-pvc-preta-c-biqueira-cano-medio-42-fixtil-1318292/p;BOTA SEG COURO PT C.LONGO BIQ ACO 40;54
/bota-pvc-preta-c-biqueira-cano-medio-38-fixtil-1317938/p;BOTINA SEG VAQ PT BIQ COMPOSITE CADAR 36;52
/bota-pvc-preta-c-biqueira-cano-medio-38-fixtil-1317938/p;BOTINA SEG VAQ PT BIQ COMPOSITE CADAR 38;54
/bota-pvc-preta-c-biqueira-cano-medio-42-fixtil-1318292/p;BOTINA SEG VAQ PT BIQ COMPOSITE CADAR 40;52
/bota-pvc-preta-c-biqueira-cano-medio-38-fixtil-1317938/p;BOTINA SEG VAQ PT BIQ COMPOSITE CADAR 39;52
/bota-pvc-preta-c-biqueira-cano-medio-42-fixtil-1318292/p;BOTINA SEG VAQ PT BIQ COMPOSITE CADAR 42;54
/capacete-azul-dura-plus-857688/p;CAPACETE SEG AZ ESCURO;71
/capacete-de-suspensao-pine-14-j270s-verde-fixtil-1583786/p;CAPACETE SEG VERDE;88
/capacete-azul-dura-plus-857688/p;CAPACETE SEG MARROM;62
/conjunto-com-6-ganchos-arthi-1215736/p;CONJUNTO PVC LAMINADO AZUL G C;59
/conjunto-com-6-ganchos-arthi-1215736/p;CONJUNTO PVC LAMINADO AZUL XG C;54
/protetor-auditivo-plug-silicone-c-cordao-de-algodao-fixtil-1322303/p;PROTETOR AUDIT PLUG REUTILIZAVEL 3M;62
/capacete-de-seguranca-com-suspensao-catraca-amarelo-h700-3m--1517104/p;SUSPENSAO CAPACETE H-700 C;70
/capacete-de-seguranca-com-suspensao-catraca-amarelo-h700-3m--1517104/p;SUSPENSAO CAPACETE H-700 C;70
/capa-para-sifao-cromado-deca-56677/p;CAPA PROT 7;71
/cimento-todas-as-obras-50kgs-cpii-z-32r-votoran-1444778/p;CIMENTO C;88
/luva-ultrane-tam-9-preta-fixtil-1582747/p;LUVA SEG TAM 9 DANNY ULTRAFLEX DA12600;55
/luva-ultrane-tam-9-preta-fixtil-1582747/p;LUVA SEG TAM 10 DANNY ULTRAFLEX DA12600;51
/luva-ultrane-tam-9-preta-fixtil-1582747/p;LUVA SEG TAM P MAXIGRIP PRO DA12700;52
/luva-ultrane-tam-9-preta-fixtil-1582747/p;LUVA SEG TAM M MAXIGRIP PRO DA12700;52
/tinta-coral-rende-muito-acrilica-fosca-branco-gelo-900ml--568457/p;TINTA CORALMUR LATEX BC GELO 18L;57
/tinta-coral-rende-muito-acrilica-fosca-branco-gelo-900ml--568457/p;TINTA CORALMUR LATEX BC GELO 18L;57
/mangueira-para-jardim-12-super-flex-com-engate-20metros-tramontina-1339672/p;MANGUEIRA INCENDIO 2 POLIEST 2.1;60
/mangueira-para-jardim-12-super-flex-com-engate-20metros-tramontina-1339672/p;MANGUEIRA INCENDIO 2 POLIEST 2.1;60
/mangueira-para-jardim-12-super-flex-com-engate-20metros-tramontina-1339672/p;MANGUEIRA INCENDIO 2 POLIEST 2.1;60
/pasta-aba-elastico-oficio-lb-4cm-executive-dello-preta-1730517/p;ELASTICO FIX P;73
/respirador-descartavel-concha-60unidades-branco-8822-3m--1516892/p;RESPIRADOR DESC TAM U C;61
/vaso-comum-nutriplan-redondo-02-cor-preto-1628720/p;GASOLINA COMUM;53
"/primer-3-6-litros-ciplak-875520/p;PRIMER INTERPLATE 341 VM OX GL 3,6L;54"
/fechadura-externa-de-aco-zamac-premium-polida-alianca-1424530/p;FECHADURA ZAMAK PT PORT LOCKWELL;55
/caneca-color-big-heart-em-porcelana-350ml-lyor-1834290/p;CADINHO PORCELANA 115ML A7;56
/corrente-plastica-5mm-x-10m-preta-e-amarela-1768743/p;CORRENTE PLAST ANALIS LECO;58
/placa-4x2-c-suporte-p-1-modulo-inova-pro-class-grafite-alumbra-1759078/p;PLACA GRAFITE 100X300X600MM;65
/placa-4x2-c-suporte-p-1-modulo-inova-pro-class-grafite-alumbra-1759078/p;PLACA GRAFITE 100X300X600MM;65
/bucha-de-fixacao-c-anel-8mm-fixtil-1380060/p;BUCHA GRAFITE C;64
/bloco-09x19x39cm-vedacao-aparente-com-fundo-ramos-501506/p;BLOCO CATODO ALD 11168939;52
/lamina-de-serra-manual-rigida-12-24-dentes-2-unidades-starrett-383317/p;SERRA FITA 2;74
/lamina-de-serra-manual-rigida-12-24-dentes-2-unidades-starrett-383317/p;SERRA FITA 2;74
/tijolo-paralelo-229x114x51-mm-resdil-refratarios-1819399/p;TIJOLO REF ANKER 30 A2 229X152X76-63MM;56
/massa-para-madeira-3-6-litros-branco-suvinil-99856/p;MASSA REFRATARIA RESIMUR A97-05-BR;54
/massa-para-madeira-3-6-litros-branco-suvinil-99856/p;MASSA REFRATARIA COMPRIT B65G-5-BR;56
/tijolo-paralelo-229x114x51-mm-resdil-refratarios-1819399/p;TIJOLO REF UREX A07S R1 229X152-137X76MM;53
/tijolo-paralelo-229x114x51-mm-resdil-refratarios-1819399/p;TIJOLO REF UREX A07S R1 229X152-137X76MM;53
/massa-para-madeira-3-6-litros-branco-suvinil-99856/p;MASSA REFRATARIA COMPRIT F53-5-BR;52
/placa-4x2-c-suporte-p-1-modulo-inova-pro-class-grafite-alumbra-1759078/p;PLACA GRAFITE 1000X400X100MM;63
/placa-4x2-c-suporte-p-1-modulo-inova-pro-class-grafite-alumbra-1759078/p;PLACA GRAFITE 1000X400X100MM;63
/placa-4x2-c-suporte-p-1-modulo-inova-pro-class-grafite-alumbra-1759078/p;PLACA GRAFITE 1000X300X60MM;65
/placa-4x2-c-suporte-p-1-modulo-inova-pro-class-grafite-alumbra-1759078/p;PLACA GRAFITE 1000X300X60MM;65
/pano-limpa-tudo-esfrebom-bettanin-1439901/p;PANO DE FILTRO TIPO LEQUE;52
/pano-limpa-tudo-esfrebom-bettanin-1439901/p;PANO DE FILTRO TIPO LEQUE;52
/placa-4x2-c-suporte-p-1-modulo-inova-pro-class-grafite-alumbra-1759078/p;PLACA GRAFITE 30X110X825MM;67
/placa-4x2-c-suporte-p-1-modulo-inova-pro-class-grafite-alumbra-1759078/p;PLACA GRAFITE 30X110X825MM;67
/placa-4x2-c-suporte-p-1-modulo-inova-pro-class-grafite-alumbra-1759078/p;PLACA GRAFITE 50X380X600MM;67
/massa-para-madeira-3-6-litros-branco-suvinil-99856/p;MASSA REFRATARIA BAIXO TEOR;51
/placa-4x2-c-suporte-p-1-modulo-inova-pro-class-grafite-alumbra-1759078/p;PLACA GRAFITE 50X380X600MM;67
/conjunto-tomada-pop-2p-t-10a-4x2-legrand-2308169/p;CONJUNTO COR;80
/adaptador-para-tomada-10a-fame-693820/p;ADAPTADOR ALLENBRADLEY 1734-AENTR;60
/dobradica-simples-em-aco-carbono-6-3x7-6cm-3025-com-rolamento-3-pecas-prata-pado-617130/p;ROLAMENTO ACES EXC P;62
/dobradica-simples-em-aco-carbono-6-3x7-6cm-3025-com-rolamento-3-pecas-prata-pado-617130/p;ROLAMENTO ACES EXC P;62
/dobradica-simples-em-aco-carbono-6-3x7-6cm-3025-com-rolamento-3-pecas-prata-pado-617130/p;ROLAMENTO ACES EXC P;62
/dobradica-simples-em-aco-carbono-6-3x7-6cm-3025-com-rolamento-3-pecas-prata-pado-617130/p;ROLAMENTO ACES EXC P;62
/dobradica-simples-em-aco-carbono-6-3x7-6cm-3025-com-rolamento-3-pecas-prata-pado-617130/p;ROLAMENTO ACES EXC P;62
/dobradica-simples-em-aco-carbono-6-3x7-6cm-3025-com-rolamento-3-pecas-prata-pado-617130/p;ROLAMENTO ACES EXC P;62
/dobradica-simples-em-aco-carbono-6-3x7-6cm-3025-com-rolamento-3-pecas-prata-pado-617130/p;ROLAMENTO ACES EXC P;62
/dobradica-simples-em-aco-carbono-6-3x7-6cm-3025-com-rolamento-3-pecas-prata-pado-617130/p;ROLAMENTO ACES EXC P;62
/dobradica-simples-em-aco-carbono-6-3x7-6cm-3025-com-rolamento-3-pecas-prata-pado-617130/p;ROLAMENTO ACES EXC P;62
/dobradica-simples-em-aco-carbono-6-3x7-6cm-3025-com-rolamento-3-pecas-prata-pado-617130/p;ROLAMENTO ACES EXC P;62
/dobradica-simples-em-aco-carbono-6-3x7-6cm-3025-com-rolamento-3-pecas-prata-pado-617130/p;ROLAMENTO ACES EXC P;62
/dobradica-simples-em-aco-carbono-6-3x7-6cm-3025-com-rolamento-3-pecas-prata-pado-617130/p;ROLAMENTO ACES EXC P;62
/dobradica-simples-em-aco-carbono-6-3x7-6cm-3025-com-rolamento-3-pecas-prata-pado-617130/p;ROLAMENTO ACES EXC P;62
/dobradica-simples-em-aco-carbono-6-3x7-6cm-3025-com-rolamento-3-pecas-prata-pado-617130/p;ROLAMENTO ACES EXC P;62
/dobradica-simples-em-aco-carbono-6-3x7-6cm-3025-com-rolamento-3-pecas-prata-pado-617130/p;ROLAMENTO ACES EXC P;62
/dobradica-simples-em-aco-carbono-6-3x7-6cm-3025-com-rolamento-3-pecas-prata-pado-617130/p;ROLAMENTO ACES EXC P;62
/dobradica-simples-em-aco-carbono-6-3x7-6cm-3025-com-rolamento-3-pecas-prata-pado-617130/p;ROLAMENTO ACES EXC P;62
/dobradica-simples-em-aco-carbono-6-3x7-6cm-3025-com-rolamento-3-pecas-prata-pado-617130/p;ROLAMENTO ACES EXC P;62
/dobradica-simples-em-aco-carbono-6-3x7-6cm-3025-com-rolamento-3-pecas-prata-pado-617130/p;ROLAMENTO ACES EXC P;62
/dobradica-simples-em-aco-carbono-6-3x7-6cm-3025-com-rolamento-3-pecas-prata-pado-617130/p;ROLAMENTO ACES EXC P;62
/furadeiraparafusadeira-de-impacto-18v-3ah-bivolt-c-bateria-e-motor-bl-makita-1781693/p;MOTOR;100
/furadeiraparafusadeira-de-impacto-18v-3ah-bivolt-c-bateria-e-motor-bl-makita-1781693/p;MOTOR;100
/furadeiraparafusadeira-de-impacto-18v-3ah-bivolt-c-bateria-e-motor-bl-makita-1781693/p;MOTOR;100
/furadeiraparafusadeira-de-impacto-18v-3ah-bivolt-c-bateria-e-motor-bl-makita-1781693/p;MOTOR;100
/pe-condutor-retangular-28-calhaforte-86274/p;CONDUTOR ELE ACES EXC P;61
/pe-condutor-retangular-28-calhaforte-86274/p;CONDUTOR ELE ACES EXC P;61
/pe-condutor-retangular-28-calhaforte-86274/p;CONDUTOR ELE ACES EXC P;61
/pe-condutor-retangular-28-calhaforte-86274/p;CONDUTOR ELE ACES EXC P;61
/pe-condutor-retangular-28-calhaforte-86274/p;CONDUTOR ELE ACES EXC P;61
/pe-condutor-retangular-28-calhaforte-86274/p;CONDUTOR ELE ACES EXC P;61
/pe-condutor-retangular-28-calhaforte-86274/p;CONDUTOR ELE ACES EXC P;61
/pe-condutor-retangular-28-calhaforte-86274/p;CONDUTOR ELE ACES EXC P;61
/sbp--repelente--eletrico--liquido--45-noites--kit-com-aparelho-e-refil-35ml1771833/p;APARELHO COM ACES EXC P;69
/cimento-todas-as-obras-50kgs-cpii-z-32r-votoran-1444778/p;OBRAS FERRO;62
/cimento-todas-as-obras-50kgs-cpii-z-32r-votoran-1444778/p;OBRAS FERRO;62
/piso-laminado-durafloor-de-click-space-nogueira-italiana-c--1340cm-x-l--187cm-madeirado-1626124/p;LAMINADO PLANO AC EXC P;52
/cimento-todas-as-obras-50kgs-cpii-z-32r-votoran-1444778/p;OBRAS FERRO;62
/piso-laminado-durafloor-de-click-space-nogueira-italiana-c--1340cm-x-l--187cm-madeirado-1626124/p;LAMINADO PLANO AC EXC P;52
/furadeiraparafusadeira-de-impacto-18v-3ah-bivolt-c-bateria-e-motor-bl-makita-1781693/p;PARTE MOTOR;62
/furadeiraparafusadeira-de-impacto-18v-3ah-bivolt-c-bateria-e-motor-bl-makita-1781693/p;PARTE MOTOR;62
/furadeiraparafusadeira-de-impacto-18v-3ah-bivolt-c-bateria-e-motor-bl-makita-1781693/p;PARTE MOTOR;62
/furadeiraparafusadeira-de-impacto-18v-3ah-bivolt-c-bateria-e-motor-bl-makita-1781693/p;PARTE MOTOR;62
/furadeiraparafusadeira-de-impacto-18v-3ah-bivolt-c-bateria-e-motor-bl-makita-1781693/p;PARTE MOTOR;62
/furadeiraparafusadeira-de-impacto-18v-3ah-bivolt-c-bateria-e-motor-bl-makita-1781693/p;PARTE MOTOR;62
/furadeiraparafusadeira-de-impacto-18v-3ah-bivolt-c-bateria-e-motor-bl-makita-1781693/p;PARTE MOTOR;62
/furadeiraparafusadeira-de-impacto-18v-3ah-bivolt-c-bateria-e-motor-bl-makita-1781693/p;PARTE MOTOR;62
/sbp--repelente--eletrico--liquido--45-noites--kit-com-aparelho-e-refil-35ml1771833/p;APARELHO MED ELET EXC P;52
