/material-de-construcao/areia-e-pedra/areia/areia-media-lavada-20kg?produto=1314452;AREIA COBERTA 350KG P
/material-de-construcao/cimentos-e-argamassas/cimentos/cimento-todas-as-obras-50kg?produto=1228972;CIMENTO ALTA RES CPV-ARI 40KG
/pisos-e-revestimentos/faixas-e-filetes/faixas-decorativas-ate-11x30/caixa-de-inspecao-10mm?produto=1131276;PALETE CAIXA MAD 720X720MM
/material-hidraulico/tubos-e-conexoes/complementos/vedacao/fita-veda-rosca-18mm-com-10-metros-branca?produto=1034367;FITA ARQ PET VD 1X19MM RL 1000M
/material-hidraulico/tubos-e-conexoes/complementos/vedacao/fita-veda-rosca-18mm-com-10-metros-branca?produto=1034367;FITA ARQUEAMENTO 16,2X1220M TENAX 2040 H"
/tintas-e-acessorios/pinceis-e-acessorios/bandejas-para-pintura/balde-de-plastico-para-cimento-12-litros-preto?produto=1226768;BALDE CIL C
/utilidades-domesticas/cozinha/suporte-e-organizador/caixa-para-transporte-60x40cm?produto=1232586;CAIXA PAPELAO OND 650X650X460MM
/janelas-e-portas/complementos/grade-de-porta-em-aco-83x70cm-preta?produto=1347702;GRADE
/ferramentas/acessorios-para-ferramentas/coletor-de-po-para-furadeira-4-10mm-vermelho?produto=1380237;COLETOR LAROX P29591
/telhas-e-calhas/calhas-e-rufos/acessorios-para-calhas-e-rufos/bocal-em-pvc-para-calha-de-piso-normal-com-saida-inferior-dn-200x100mm-cinza?produto=1081058;BOCAL SAIDA
/ferramentas/acessorios-para-ferramentas/broca-para-aco-7mm-cromada?produto=1348018;BROCA HELIC ACO RAPIDO 7
/ferragens/pregos-parafusos-e-buchas/buchas/bucha-preta-5mm-30-pecas?produto=1216906;BUCHA ARANHA SANDVIK 442.8363-01
/ferragens/pregos-parafusos-e-buchas/buchas/bucha-preta-5mm-30-pecas?produto=1216906;BUCHA EXCENT SANDVIK 442.9657-01
/material-hidraulico/tubos-e-conexoes/luvas/luva-de-correr-para-tubo-soldavel-25mm-marrom?produto=1039348;LUVA
/decoracao/almofadas/almofada-em-microfibra-aquarela-40x40cm-castanha?produto=1231183;CASTANHA
/material-hidraulico/tubos-e-conexoes/conectores/conector-aquatherm-1/2-x15mm-bege?produto=1131356;CONECTOR PASSAG WEIDMULLER
/material-hidraulico/tubos-e-conexoes/curvas/curva-90-soldavel-25mm-marrom?produto=1034262;CURVA
/metais-e-acessorios/acessorios/reparos/registro-para-ducha-higienica-com-volante-cromado?produto=1223401;VOLANTE INERCIA
/material-hidraulico/tubos-e-conexoes/tubos/tubo-soldavel-25mm-com-3-metros-marrom?produto=1034249;TUBO
/material-eletrico/espelhos-de-luz/4x2/cega/placa-4x2-cega-orion-branca?produto=1369161;PLACA IMPAC ""B"""
/tintas-e-acessorios/tintas/tintas-para-azulejo/spray-alta-temperatura-preto?produto=1051573;ELETRODO ALTA TEMPERATURA 618-376
/moveis/cadeiras-e-mesas/conjunto-para-jardim-kangfu-6-pecas-champagne?produto=1378512;CONJUNTO
/pisos-e-revestimentos/revest-para-parede/revestimentos-para-parede-ate-40x90/revestimento-acetinado-borda-bold-petrus-brown-32x57cm?produto=1215789;ELETRODO REVESTIMENTO DURO 3,25MM XHD"
/metais-e-acessorios/acessorios/kits/conjunto-completo-para-caixa-acoplada-com-acionamento-superior-cromado?produto=1229305;EIXO ACIONAMENTO
/material-hidraulico/tubos-e-conexoes/caixas-de-gordura/tampa-quadrada-com-suporte?produto=1131281;SUPORTE TUBO
/moveis/cadeiras-e-mesas/conjunto-para-jardim-kangfu-6-pecas-champagne?produto=1378512;CONJUNTO AGCO 3411868M1
/material-de-construcao/acos-para-construcao/arames/tirante-arame-10-com-elo-0-5-metro?produto=1312442;TIRANTE MOLA
/metais-e-acessorios/valvulas/descarga/valvula-de-descarga-1-1/2-hydra-plus-cromada?produto=1114676;VALVULA ESF CPVC SOLD 2"" 150PSI"
/material-hidraulico/tubos-e-conexoes/fossa-septica/filtro-anaerobio-5000-litros-preto?produto=1288326;FILTRO HIDRAULICO HYSTER 4000998
/utilidades-domesticas/cozinha/suporte-e-organizador/suporte-para-forno-micro-ondas-ajustavel-branco?produto=1224132;SUPORTE
/metais-e-acessorios/acessorios/box-e-cortina-box/tubo-extensivel-em-aco-para-box-prontofix-90-a-103cm-branco?produto=1049687;TUBO ACO 1.1
/tintas-e-acessorios/solventes-e-removedores/removedores/solvente-aguarras-premium-900ml?produto=1376727;SOLVENTE 200 L MAXBIO NOGRAX
/material-eletrico/espelhos-de-luz/moldura/suporte-4x2-pialplus-ref-612122?produto=1049093;ANEL SUPORTE
/ferramentas/manuais/ponteiro-e-talhadeira/ponteiro-sds-plus-250mm?produto=1380249;PONTEIRO SANDVIK BJ803
/material-eletrico/tomadas/conjunto-tomada-10a-220v-2-polos-terra-com-placa-4x2-duale-up-branco?produto=1226452;PLACA 5
/telhas-e-calhas/calhas-e-rufos/acessorios-para-calhas-e-rufos/terminal-esquerdo-para-calha-com-bocal-moldura-galvanizado-28cm?produto=1049012;TERMINAL MANG 3
/jardinagem/acessorios-de-jardinagem/mangueira/mangueira/mangueira-com-engate-rosqueado-e-esguicho-flex-transparente-1/2-de-20-metros?produto=1150790;MANGUEIRA P
/telhas-e-calhas/calhas-e-rufos/acessorios-para-calhas-e-rufos/kit-de-corrente-para-calha-elo-15mm-branca?produto=1365387;ELO CORRENTE
/utilidades-domesticas/filtros/filtro-acqua-fresh?produto=1163917;FILTRO ANALIS DIGIMED
/material-hidraulico/tubos-e-conexoes/aneis/anel-de-borracha-para-esgoto-100mm-preto?produto=1034418;ANEL
/utilidades-domesticas/cozinha/suporte-e-organizador/caixa-para-transporte-40x30cm?produto=1232581;CAIXA ALFA INSTR 38223
/ferragens/porcas-e-arruelas/arruela-de-ferro-5/32-com-20-pecas?produto=1357274;ARRUELA ISOL
/material-eletrico/fios-e-cabos/cabos/cabo-de-rede-2-metros?produto=1385435;CABO REDE ETHERNET AZUL OU CINZA
/ferramentas/manuais/alicates/alicate-bico-chato-6-amarelo?produto=1091615;BICO CANHAO LAMA
/ferragens/pregos-parafusos-e-buchas/parafuso/parafuso-trombeta-para-drywall-3-5x35mm-com-10-pecas?produto=1357654;PARAFUSO REGUL CUNHA
/pisos-e-revestimentos/acabamentos-e-acessorios/raspador-de-rejunte-standard-vermelho?produto=1226766;RASPADOR
/tintas-e-acessorios/pinceis-e-acessorios/bucha-de-sisal-premium-100g?produto=1232589;BUCHA ISOL
/material-hidraulico/tubos-e-conexoes/aneis/anel-de-borracha-para-esgoto-100mm-preto?produto=1034418;ANEL ISOL
/ferramentas/manuais/martelos-e-marretas/conjunto-martelo-de-unha-25-mm-e-chave-de-fenda-1/8x3?produto=1044771;MARTELO
/lazer-e-diversao/piscinas/acessorios/cartucho-do-filtro-para-bomba-1/6hp-e-1/15hp?produto=1365270;CARTUCHO MERCK MILLIPORE QPARK00TEX
/material-hidraulico/tubos-e-conexoes/grelhas-e-ralos/conjunto-grelha-e-porta-grelha-em-aluminio-elegance-15x100cm-branco?produto=1169885;CONJUNTO GRELHA PER WEIR 70172120400102
/material-eletrico/tomadas/conjunto-de-1-tomada-2-polos-terra-10a-250v-com-placa-4x2-miluz-branca?produto=1224329;CONJUNTO FURLAN 2.1.123.002.005
/material-hidraulico/tubos-e-conexoes/niple/nipel-rosca-1/2-branco?produto=1034225;ROSCA TRANSP
/tintas-e-acessorios/pinceis-e-acessorios/rolos-para-pintura/rolo-de-la-poliester-topa-tudinho-nao-respinga-15cm-com-cabo-azul-e-branco?produto=1231311;ROLO
/material-de-construcao/gessos/cunha-para-nivelamento-plastico?produto=1222299;CUNHA FIX
/utilidades-domesticas/feltros-e-ganchos/gancho-de-plastico-scotch-grande?produto=1184325;GANCHO TIPO 1 MANUAL 38X210MM
/utilidades-domesticas/filtros/elemento-filtrante-11cm?produto=1346883;ELEMENTO SEP AR
/ferramentas/manuais/niveis-e-prumos/mangueira-para-nivel-5/16-x1-5mm-com-20-metros-transparente?produto=1226765;MANGUEIRA ACOPCO 1621954800
/ferramentas/manuais/chaves/combinada/chave-de-roda-com-encaixe-de-1/2-soquetes-e-estojo-cromada-e-preta?produto=1343631;RODA CARRO
/metais-e-acessorios/acessorios/reparos/mecanismo-de-saida-com-acionamento-superior-para-caixa-acoplada?produto=1229309;MANCAL ACIONAMENTO
/moveis/cadeiras-e-mesas/conjunto-para-jardim-kangfu-6-pecas-champagne?produto=1378512;CONJUNTO EIXO
/ferragens/porcas-e-arruelas/arruela-de-ferro-5/32-com-20-pecas?produto=1357274;ARRUELA FIXACAO PRESSENGE 3C54864 POS 5
/jardinagem/acessorios-de-jardinagem/mangueira/mangueira/mangueira-em-pvc-flex-10-metros-azul?produto=1358705;MANGUEIRA PVC CRIST INC 1
/material-hidraulico/tubos-e-conexoes/adaptadores/adaptador-para-caixa-d-agua-com-registro-25mm?produto=1080870;ADAPTADOR SCHUNKINTEC 30024246
/utilidades-domesticas/filtros/elemento-filtrante-11cm?produto=1346883;ELEMENTO FILTRO MB A5411800209
/utilidades-domesticas/filtros/filtro-200-carbon-block-7?produto=1233000;FILTRO SECADOR MB 0004295795
/ferragens/porcas-e-arruelas/arruela-de-ferro-3/8-com-4-pecas?produto=1357302;ARRUELA EXTRA LARGA WEIR M12-22-Z
/ferragens/dobradicas/dobradica-para-portas-em-aco-com-rolamento-3x2-1/2-cromada?produto=1355967;ROLAMENTO AUTOC ROL 22211 EK C3
/pisos-e-revestimentos/revest-para-parede/revestimentos-para-parede-ate-40x90/revestimento-borda-bold-oasis-jaspe-31x54cm?produto=1356506;REVESTIMENTO CAM SANDVIK 31.442622.101
/ferragens/dobradicas/dobradica-para-portas-em-aco-com-rolamento-3x2-1/2-cromada?produto=1355967;ROLAMENTO AUTOC ROL 22218 EK C3
/utilidades-domesticas/cozinha/suporte-e-organizador/caixa-para-transporte-60x40cm?produto=1232586;CAIXA PASSAG SOBR PES RETANG HOLEC
/utilidades-domesticas/cozinha/suporte-e-organizador/caixa-para-transporte-60x40cm?produto=1232586;CAIXA PASSAG SOBR PES QUADR HOLEC
/ferragens/acessorios/rodizio-para-moveis-38mm-com-chapa-50mm-preto?produto=1375189;CHAPA N
/telhas-e-calhas/calhas-e-rufos/acessorios-para-calhas-e-rufos/kit-de-corrente-para-calha-elo-15mm-branca?produto=1365387;CORRENTE ELO ACO 3
/metais-e-acessorios/acessorios/porta-toalhas/porta-toalha-barra-60cm-disco-red-gold?produto=1367869;BARRA MET RED 1.1
/pisos-e-revestimentos/pisos-para-jardim/pisogramas-e-placas-de-concreto/piso-cimenticio-placa-40x40cm-natural?produto=1069531;PLACA PISO PLATAF
/utilidades-domesticas/cozinha/copo-e-taca/copo-sm-aruba-rocks-cinza-345ml-com-1-peca?produto=1362097;TERMINACAO SM-N CINZA 3
/material-hidraulico/tubos-e-conexoes/tubos/tubo-soldavel-25mm-com-3-metros-marrom?produto=1034249;TUBO PU AZ 3
/telhas-e-calhas/calhas-e-rufos/acessorios-para-calhas-e-rufos/terminal-esquerdo-para-calha-com-bocal-moldura-galvanizado-28cm?produto=1049012;TERMINAL MANG 1
/jardinagem/acessorios-de-jardinagem/mangueira/mangueira/mangueira-com-engate-rosqueado-e-esguicho-flex-transparente-1/2-de-20-metros?produto=1150790;MANGUEIRA HIDR 3
/jardinagem/acessorios-de-jardinagem/mangueira/mangueira/mangueira-com-engate-rosqueado-e-esguicho-flex-transparente-1/2-de-20-metros?produto=1150790;MANGUEIRA HIDR 1
/telhas-e-calhas/calhas-e-rufos/acessorios-para-calhas-e-rufos/terminal-esquerdo-para-calha-com-bocal-moldura-galvanizado-28cm?produto=1049012;TERMINAL MANG 1
/telhas-e-calhas/calhas-e-rufos/acessorios-para-calhas-e-rufos/terminal-esquerdo-para-calha-com-bocal-moldura-galvanizado-28cm?produto=1049012;TERMINAL MANG 1
/ferragens/dobradicas/dobradica-para-portas-em-aco-com-rolamento-3x2-1/2-cromada?produto=1355967;ROLAMENTO AUTOC ROL 22215 EK C3
/ferragens/pregos-parafusos-e-buchas/parafuso/parafuso-para-telha-ondulada-5/16-x165mm?produto=1044751;PARAFUSO WICHITA 2-177-075-026-0
/metais-e-acessorios/valvulas/cozinha/valvula-em-inox-para-pia-standard-4-5-alto-brilho?produto=1307093;VALVULA ESF INOX BSP 1.1
/material-hidraulico/tubos-e-conexoes/flange-latao-1/2?produto=1173033;FLANGE TUBO ANSI B16.5 2.1
/metais-e-acessorios/acessorios/conjunto-fixacao/conjunto-de-instalacao-para-bacia-com-caixa-com-fixacao-lateral-cromado?produto=1312562;CONJUNTO EIXO
/material-de-construcao/drywall-e-acessorios/acessorios-para-drywall/guia-para-drywall-em-aco-r70-com-3-metros?produto=1339668;GUIA CJ CABO TALH ELETR TEREX
/moveis/cadeiras-e-mesas/conjunto-para-jardim-kangfu-6-pecas-champagne?produto=1378512;CONJUNTO GEVISA 4051083
/material-hidraulico/tubos-e-conexoes/adaptadores/adaptador-reto-para-instalacao-de-gas-macho-1/2-x3/8-niquelado?produto=1176296;ADAPTADOR RETO MACHO LATAO 1
/material-hidraulico/tubos-e-conexoes/aneis/anel-de-borracha-para-esgoto-100mm-preto?produto=1034418;ANEL O ROTOR WEIR E064S10
/metais-e-acessorios/torneiras/torneira-para-lavatorio-balcao-com-alavanca-mebermatic-10065-c-cromado?produto=1374293;ALAVANCA C
/material-de-construcao/cimentos-e-argamassas/cimentos/cimento-todas-as-obras-50kg?produto=1228972;CIMENTO VULCAN
/material-de-construcao/cantoneiras/cantoneira-em-l-de-aluminio-1-polido-com-3-metros?produto=1184449;CANTONEIRA FEMA 161342617
/tintas-e-acessorios/seladores-e-fundos/seladores-para-madeiras/oleo-de-linhaca-900ml?produto=1047177;OLEO DESENGRIP SINTETICO 300ML
/pisos-e-revestimentos/acabamentos-e-acessorios/cordao-delimitador-de-junta-rolo-100-metros?produto=1351926;JUNTA ISOL
/ferramentas/acessorios-para-ferramentas/disco-de-corte-para-madeira-4-3/8-laranja?produto=1368629;DISCO CORT OXID AL WALTER
/material-eletrico/fita-isolante/fita-isolante-em-pvc-18mm-de-20-metros-preto?produto=1358190;KIT ISOLANTE
/material-hidraulico/tubos-e-conexoes/adaptadores/adaptador-para-caixa-d-agua-com-registro-25mm?produto=1080870;ADAPTADOR SUP MASCARA SOLDADOR 3M 197135
/fechadura-e-seguranca/seguranca-pessoal/cone-pro-safety-50cm-branco-e-laranja?produto=1372256;CONE C
/decoracao/espelhos/espelho-decorativo-retangular-80x53cm-incolor?produto=1230921;ESPELHO ELMER PERKIN ELMER
/tintas-e-acessorios/adesivos-e-colas/adesivo-ms-hibrido-400g-cinza?produto=1358006;ADESIVO CPVC CINZA LATA 473ML
/material-hidraulico/tubos-e-conexoes/adaptadores/adaptador-soldavel-curto-50mm-marrom?produto=1034288;ADAPTADOR CURTO L
/ferramentas/manuais/grampeador/grampo-reto-profissional-8mm-com-1-000-pecas?produto=1138419;GRAMPO NERAK 125
/ferramentas/manuais/ponteiro-e-talhadeira/talhadeira-sds-plus-40x250mm?produto=1378987;TALHADEIRA SEXT P
/ferragens/pregos-parafusos-e-buchas/buchas/bucha-de-fixacao-8mm-com-parafuso-com-5-pecas-cinza?produto=1353315;BUCHA ROSC P
/moveis/cadeiras-e-mesas/conjunto-para-jardim-kangfu-6-pecas-champagne?produto=1378512;CONJUNTO SAUR C0230032
/eletronicos/acessorios/controlador-de-velocidade-para-ventilador-110v-com-interruptores-e-placa-4x2-habitat-branco?produto=1224708;CONTROLADOR DYNAMIC AIR 1093500
/utilidades-domesticas/filtros/elemento-filtrante-12-5cm?produto=1113882;ELEMENTO ELAST PNEU BORR AT 140
/ferramentas/maquinas/cortador-de-tubo-1/8-a-1-1/4-vermelho?produto=1363829;CORTADOR FLSMIDTH 5 286609BR
/material-hidraulico/tubos-e-conexoes/conectores/conector-em-latao-com-solda-1?produto=1173004;CONECTOR TAP T ROCKWELL
/metais-e-acessorios/acessorios/parafuso-de-fixacao/conjunto-de-fixacao-para-tanque-cromado?produto=1042614;CONJUNTO FIXACAO
/lazer-e-diversao/churrasco/utensilios/faca-para-carne-churrasco-em-aco-inox-e-cabo-em-madeira-natural-8?produto=1364504;FACA
/utilidades-domesticas/filtros/filtro-200-carbon-block-7?produto=1233000;FILTRO VOLVO 15126069
/material-eletrico/interruptores/conjunto-interruptor-simples-com-placa-4x2-duale-up-branco?produto=1226449;CONJUNTO ELEM AR CAB CATERPILLAR 2314487
/utilidades-domesticas/filtros/elemento-filtrante-12-5cm?produto=1113882;ELEMENTO FILTRO MB A0001420289
/material-de-construcao/loucas/banheiro/lavatorio/para-coluna/coluna-para-lavatorio-monte-carlo-creme?produto=1042898;COLUNA PEEK CROMAT METROHM
/iluminacao/arandelas/arandela-1/2-cilindro-para-2-luzes-soquete-e27-30cm?produto=1068988;CILINDRO ACAO RAPIDA
/ferramentas/acessorios-para-ferramentas/disco-de-corte-para-madeira-4-3/8-laranja?produto=1368629;DISCO DESCARGA PR23
/tintas-e-acessorios/tintas/tintas-para-azulejo/spray-alta-temperatura-preto?produto=1051573;ELETRODO ALTA TEMPERATURA 782-721
/fechadura-e-seguranca/seguranca-pessoal/capa-em-pvc-forrada-grande-amarela?produto=1372281;CAPA TERM
/material-hidraulico/tubos-e-conexoes/flange-latao-1/2?produto=1173033;FLANGE EXT JATO GRANALHA CW M-741419
/material-hidraulico/tubos-e-conexoes/flange-latao-1/2?produto=1173033;FLANGE ALD 44340453-5
/metais-e-acessorios/acessorios/barra-de-apoio/barra-de-apoio-reta-80cm-ref-14566?produto=1174144;BARRA FEMA ISOLANTES 758.456.38 POS 1
/utilidades-domesticas/filtros/filtro-200-carbon-block-7?produto=1233000;FILTRO LECO 502-374-100
/ferragens/acessorios/rodizio-para-moveis-38mm-com-chapa-50mm-preto?produto=1375189;CHAPA
/telhas-e-calhas/calhas-e-rufos/acessorios-para-calhas-e-rufos/bocal-em-pvc-classic-branco?produto=1362194;BOCAL BIG BAG P
/moveis/banheiro/toucador/conjunto-toucador-e-cuba-carol-7011-artico?produto=1310428;CONJUNTO PARAF
/ferramentas/manuais/niveis-e-prumos/nivel-com-base-magnetica-torpedo-9-amarelo-e-vermelho?produto=1185256;BASE MAGNETICA IFM E30448
/metais-e-acessorios/acessorios/reparos/mecanismo-de-saida-com-acionamento-superior-para-caixa-acoplada?produto=1229309;ACIONAMENTO P
/tintas-e-acessorios/adesivos-e-colas/colas-para-canos-e-conexoes/adesivo-plastico-pvc-75g-incolor?produto=1141130;ADESIVO ESTRUT MONOC RAP CHEMLOK 220
/tintas-e-acessorios/vedacao-e-impermeabilizacao/silicones-de-vedacao/silicone-adesivo-para-uso-geral-50g-preto?produto=1167157;ADESIVO ESTRUT TEQBOND 100 PRETO
/jardinagem/acessorios-de-jardinagem/mangueira/mangueira/mangueira-expansivel-22-5-metros?produto=1368977;MANGUEIRA MONTADA 5/material-eletrico/disjuntores-e-armacoes/minidisjuntor-din-sd61-3ka-curva-c-32a-1p?produto=1347546;CURVA 90GR 8"" C"
/fechadura-e-seguranca/seguranca-residencial/seguranca-domestica/porta-chaves-e-chaveiros/chaveiro-identificador-com-4-pecas-branco?produto=1231964;IDENTIFICADOR AXIAL CORRIDA COD 513078
/ferramentas/manuais/reguas-e-esquadros/medidor-de-contorno-10-250-mm-vermelho-e-preto?produto=1379256;MONITOR VELOC 110-240VCA
/material-hidraulico/tubos-e-conexoes/conectores/conector-em-latao-com-solda-1?produto=1173004;CONECTOR SENSOR FEM 5P 7
/metais-e-acessorios/acessorios/vedacao/mecanismo-de-vedacao-1152/3/8/9?produto=1036735;MECANISMO MEMAC 2E-1379 PMC 1634
/tintas-e-acessorios/pinceis-e-acessorios/rolos-para-pintura/garfo-gaiola-23cm-vermelho?produto=1364596;GAIOLA P
/telhas-e-calhas/calhas-e-rufos/acessorios-para-calhas-e-rufos/acoplamento-em-pvc-para-condutor-cobre?produto=1362171;ACOPLAMENTO ANZUGSMOMENT PAS 990707
/tintas-e-acessorios/pinceis-e-acessorios/rolos-para-pintura/garfo-gaiola-23cm-vermelho?produto=1364596;GAIOLA P
/ferragens/acessorios/rodizio-para-moveis-38mm-com-chapa-50mm-preto?produto=1375189;CHAPA N
/material-hidraulico/tubos-e-conexoes/conectores/conector-macho-aquatherm-1-x28mm-bege?produto=1048064;CONECTOR MACHO RETO LATAO 1
/material-hidraulico/tubos-e-conexoes/adaptadores/adaptador-soldavel-com-flange-anel-para-caixa-d-agua-50mm-marrom?produto=1039375;ADAPTADOR MC
/material-hidraulico/tubos-e-conexoes/adaptadores/adaptador-soldavel-com-flange-anel-para-caixa-d-agua-50mm-marrom?produto=1039375;ADAPTADOR MC
/material-hidraulico/tubos-e-conexoes/luvas/luva-de-correr-para-tubo-soldavel-25mm-marrom?produto=1039348;LUVA P
/material-eletrico/filtros-de-linha-e-protetores/dispositivo-dr-tipo-ac-40a-2p-branco?produto=1352273;DISPOSITIVO EASYMINE EC1029ESV1
/ferragens/molas-para-portas/mola-hidraulica-para-porta-v1023-ate-60kg-prata?produto=1356516;MOLA
/ferramentas/manuais/grampeador/grampo-reto-profissional-8mm-com-1-000-pecas?produto=1138419;GRAMPO CHAVETA R
/material-eletrico/tomadas/conjunto-tomada-10a-220v-2-polos-terra-com-placa-4x2-duale-up-branco?produto=1226452;CONJUNTO DEVILBISS KK-4987-2
/material-hidraulico/tubos-e-conexoes/conectores/conector-aquatherm-1/2-x15mm-bege?produto=1131356;CONECTOR KATANAX KP5106A
/telhas-e-calhas/telhas/acessorios-para-telhas/haste-para-telha-1/4-x350mm-com-4-pecas-cromado?produto=1348207;HASTE FLSMIDTH 4E-4553-02
/material-hidraulico/tubos-e-conexoes/niple/niple-de-reducao-3/4-x1/2-cromado?produto=1070443;NIPLE VOLVO 936441
/moveis/cadeiras-e-mesas/conjunto-para-jardim-kangfu-6-pecas-champagne?produto=1378512;CONJUNTO VPR 12-104-225
/decoracao/cortinas-e-persianas/acessorios/kit-varao-extensivo-para-cortina-1-6-a-3-metros-ponteira-coroa-cromada?produto=1353784;COROA TRIMAN RC 4-3
/ferramentas/manuais/niveis-e-prumos/mangueira-para-nivel-5/16-x1-5mm-com-20-metros-transparente?produto=1226765;MANGUEIRA VOLVO 14579477
/material-hidraulico/tubos-e-conexoes/adaptadores/adaptador-soldavel-curto-50mm-marrom?produto=1034288;ADAPTADOR CURTO L
/material-de-construcao/cimentos-e-argamassas/aditivo-chapix-branco-1-litro?produto=1228202;ADITIVO CATERPILLAR 197-0017
/material-eletrico/sistemas-de-sobrepor/canaleta-com-adesivo-dexson-10x10mm-com-2-metros-branca?produto=1339263;CANALETA MB A6889877255
/utilidades-domesticas/cozinha/utensilios/concha-28cm-imbuia?produto=1363285;CONCHA MB A95846203435C38
/material-hidraulico/tubos-e-conexoes/conectores/conector-aquatherm-1/2-x15mm-bege?produto=1131356;CONECTOR MB A6935459128
/material-hidraulico/tubos-e-conexoes/conectores/conector-aquatherm-1/2-x15mm-bege?produto=1131356;CONECTOR MB A0001531122
/moveis/cadeiras-e-mesas/conjunto-para-jardim-kangfu-6-pecas-champagne?produto=1378512;CONJUNTO MB A0008102079
/moveis/cadeiras-e-mesas/conjunto-para-jardim-kangfu-6-pecas-champagne?produto=1378512;CONJUNTO MB A0272501801
/iluminacao/arandelas/arandela-1/2-cilindro-para-2-luzes-soquete-e27-30cm?produto=1068988;CILINDRO MB A6708906367
/moveis/cadeiras-e-mesas/conjunto-para-jardim-kangfu-6-pecas-champagne?produto=1378512;CONJUNTO MB A5410304837
/moveis/cadeiras-e-mesas/conjunto-para-jardim-kangfu-6-pecas-champagne?produto=1378512;CONJUNTO MB A9583200091
/moveis/cadeiras-e-mesas/conjunto-para-jardim-kangfu-6-pecas-champagne?produto=1378512;CONJUNTO MB A9798930403
/metais-e-acessorios/valvulas/kit-conversor-hydra-max-para-hydra-eco-1-1/4-cromado?produto=1182851;CONVERSOR CATERPILLAR 10R-5294
/ferragens/acessorios/deslizador-para-moveis-com-prego-pequeno-zincado-4-pecas?produto=1375191;DESLIZADOR MB A0009190224
/ferramentas/acessorios-para-ferramentas/disco-de-corte-para-madeira-4-3/8-laranja?produto=1368629;DISCO CATERPILLAR 209-7481
/utilidades-domesticas/filtros/elemento-filtrante-11cm?produto=1346883;ELEMENTO MB A0008301218
/fechadura-e-seguranca/fechaduras-externas/fechadura-externa-com-espelho-premium-cromada?produto=1232118;FECHADURA MB A9737500184
/ferragens/pregos-parafusos-e-buchas/parafuso/parafuso-trombeta-para-drywall-3-5x35mm-com-10-pecas?produto=1357654;PARAFUSO MB A0009842629
/ferragens/porcas-e-arruelas/porca-unc-5/8-com-2-pecas?produto=1117888;PORCA MB A9709900051
/material-hidraulico/tubos-e-conexoes/flange-latao-1/2?produto=1173033;FLANGE BOMAX 389204
/moveis/cadeiras-e-mesas/conjunto-para-jardim-kangfu-6-pecas-champagne?produto=1378512;CONJUNTO BOMAX 565493
/material-hidraulico/tubos-e-conexoes/adaptadores/adaptador-soldavel-com-flange-anel-para-caixa-d-agua-50mm-marrom?produto=1039375;ADAPTADOR BOMAX 403751
/moveis/cadeiras-e-mesas/conjunto-para-jardim-kangfu-6-pecas-champagne?produto=1378512;CONJUNTO BOMAX 583820
/moveis/cadeiras-e-mesas/conjunto-para-jardim-kangfu-6-pecas-champagne?produto=1378512;CONJUNTO CEMAR 904551
/material-eletrico/sistemas-de-sobrepor/canaleta-com-divisoria-32x16mm-e-2-metros-branca?produto=1223551;DIVISORIA PIAL LEGRAND 105 82
/ferragens/pregos-parafusos-e-buchas/parafuso/chumbador-para-concreto-1/4x2-com-10-pecas-cromado?produto=1353235;CHUMBADOR POLEODUTO PPA.127.2
/ferragens/pregos-parafusos-e-buchas/parafuso/parafuso-trombeta-para-drywall-3-5x35mm-com-10-pecas?produto=1357654;PARAFUSO SX 1
/ferragens/pregos-parafusos-e-buchas/parafuso/parafuso-trombeta-para-drywall-3-5x35mm-com-10-pecas?produto=1357654;PARAFUSO SX 1
/ferragens/pregos-parafusos-e-buchas/parafuso/parafuso-trombeta-para-drywall-3-5x35mm-com-10-pecas?produto=1357654;PARAFUSO SX 1
/ferragens/pregos-parafusos-e-buchas/parafuso/parafuso-trombeta-para-drywall-3-5x35mm-com-10-pecas?produto=1357654;PARAFUSO SX 1
/ferragens/pregos-parafusos-e-buchas/parafuso/parafuso-trombeta-para-drywall-3-5x35mm-com-10-pecas?produto=1357654;PARAFUSO SX 3
/ferragens/pregos-parafusos-e-buchas/parafuso/parafuso-trombeta-para-drywall-3-5x35mm-com-10-pecas?produto=1357654;PARAFUSO SX 1
/ferragens/pregos-parafusos-e-buchas/parafuso/parafuso-trombeta-para-drywall-3-5x35mm-com-10-pecas?produto=1357654;PARAFUSO SX 3
/ferragens/pregos-parafusos-e-buchas/parafuso/parafuso-trombeta-para-drywall-3-5x35mm-com-10-pecas?produto=1357654;PARAFUSO SX 3
/ferragens/pregos-parafusos-e-buchas/parafuso/parafuso-sextavado-unc-3/16x3/4-com-5-pecas-ref-42453?produto=1117466;PARAFUSO SX 5
/ferragens/pregos-parafusos-e-buchas/parafuso/parafuso-sextavado-unc-3/16x3/4-com-5-pecas-ref-42453?produto=1117466;PARAFUSO SX 5
/ferragens/pregos-parafusos-e-buchas/parafuso/parafuso-sextavado-unc-3/16x3/4-com-5-pecas-ref-42453?produto=1117466;PARAFUSO SX 5
/ferragens/pregos-parafusos-e-buchas/parafuso/parafuso-sextavado-unc-3/16x3/4-com-5-pecas-ref-42453?produto=1117466;PARAFUSO SX 5
/ferragens/pregos-parafusos-e-buchas/parafuso/parafuso-sextavado-unc-3/16x3/4-com-5-pecas-ref-42453?produto=1117466;PARAFUSO SX 5
/ferragens/pregos-parafusos-e-buchas/parafuso/parafuso-sextavado-unc-3/16x3/4-com-5-pecas-ref-42453?produto=1117466;PARAFUSO SX 5
/ferragens/porcas-e-arruelas/arruela-de-ferro-5/32-com-20-pecas?produto=1357274;ARRUELA LISA A
/ferragens/pregos-parafusos-e-buchas/parafuso/parafuso-sextavado-unc-3/16x3/4-com-5-pecas-ref-42453?produto=1117466;PARAFUSO SX 5
/ferragens/porcas-e-arruelas/arruela-de-ferro-5/32-com-20-pecas?produto=1357274;ARRUELA LISA A
/ferragens/porcas-e-arruelas/arruela-de-ferro-5/32-com-20-pecas?produto=1357274;ARRUELA LISA A
/ferragens/porcas-e-arruelas/arruela-de-ferro-5/32-com-20-pecas?produto=1357274;ARRUELA LISA A
/ferragens/porcas-e-arruelas/arruela-de-ferro-5/32-com-20-pecas?produto=1357274;ARRUELA LISA A
/ferragens/porcas-e-arruelas/arruela-de-ferro-5/32-com-20-pecas?produto=1357274;ARRUELA LISA A
/ferragens/porcas-e-arruelas/porca-unc-5/8-com-2-pecas?produto=1117888;PORCA SEXT 1
/ferragens/porcas-e-arruelas/porca-unc-5/8-com-2-pecas?produto=1117888;PORCA SEXT 1""UNC 5 ANSI B 1.1-2B"
/ferragens/porcas-e-arruelas/arruela-de-ferro-5/32-com-20-pecas?produto=1357274;ARRUELA LISA A
/ferragens/porcas-e-arruelas/porca-unc-5/8-com-2-pecas?produto=1117888;PORCA SEXT 3
/ferragens/porcas-e-arruelas/porca-unc-5/8-com-2-pecas?produto=1117888;PORCA SEXT 5
/ferragens/porcas-e-arruelas/porca-unc-5/8-com-2-pecas?produto=1117888;PORCA SEXT 3
/ferragens/porcas-e-arruelas/porca-unc-5/8-com-2-pecas?produto=1117888;PORCA SEXT 5
/ferragens/porcas-e-arruelas/porca-unc-5/8-com-2-pecas?produto=1117888;PORCA SEXT 7
/ferragens/porcas-e-arruelas/porca-unc-5/8-com-2-pecas?produto=1117888;PORCA SEXT 20MM METRICA 5 DIN 13
/ferragens/pregos-parafusos-e-buchas/parafuso/parafuso-trombeta-para-drywall-3-5x35mm-com-10-pecas?produto=1357654;PARAFUSO MR 40182300
/ferragens/suportes/abracadeiras/abracadeira-de-rosca-sem-fim-5/8-x3/4?produto=1377645;ABRACADEIRA MR 90053801
/jardinagem/acessorios-de-jardinagem/ferramentas/pa-quadrada-com-cabo-de-madeira-120cm-natural?produto=1310708;PA QUADRADA AC 291X244X451MM CABO 1200MM
/material-hidraulico/tubos-e-conexoes/joelho-e-cotovelo/joelho-90-rosca-macho-1/2-cromado?produto=1348142;COTOVELO 90GR FERRO FEM BSP 1"""
/material-hidraulico/tubos-e-conexoes/joelho-e-cotovelo/joelho-90-rosca-macho-1/2-cromado?produto=1348142;COTOVELO 90GR FERRO FEM BSP 1
/material-hidraulico/tubos-e-conexoes/joelho-e-cotovelo/joelho-90-rosca-macho-1/2-cromado?produto=1348142;COTOVELO 90GR FERRO FEM BSP 1.1
/ferragens/acessorios/uniao-de-5-zincada?produto=1169766;UNIAO FERRO 1.1
/ferragens/acessorios/uniao-de-5-zincada?produto=1169766;UNIAO FERRO 1
/metais-e-acessorios/valvulas/escoamento/valvula-americana-3-x-1-cromada?produto=1136919;VALVULA SEW 130311
/utilidades-domesticas/filtros/elemento-filtrante-12-5cm?produto=1113882;ELEMENTO FIAT 71754237
/telhas-e-calhas/telhas/acessorios-para-telhas/haste-para-telha-1/4-x350mm-com-4-pecas-cromado?produto=1348207;HASTE YAMAHA 63V-44121-01-00
/ferragens/pregos-parafusos-e-buchas/parafuso/parafuso-com-cabeca-panela-4-2x25mm-com-10-pecas?produto=1357892;PARAFUSO MERCEDES BENZ A6593210071
/ferragens/porcas-e-arruelas/arruela-de-ferro-5/32-com-20-pecas?produto=1357274;ARRUELA MERCEDES BENZ A9473250070
/ferragens/pregos-parafusos-e-buchas/parafuso/parafuso-trombeta-para-drywall-3-5x35mm-com-10-pecas?produto=1357654;PARAFUSO FORNAC 10.816.625
/ferragens/porcas-e-arruelas/porca-unc-5/8-com-2-pecas?produto=1117888;PORCA MERCEDES BENZ N000000000254
/material-eletrico/filtros-de-linha-e-protetores/dispositivo-dr-tipo-ac-40a-2p-branco?produto=1352273;DISPOSITIVO DR 2P 40A 127
/ferragens/porcas-e-arruelas/arruela-de-ferro-3/16-com-20-pecas?produto=1357272;ARRUELA FORNAC 11.016.628
/material-hidraulico/tubos-e-conexoes/conectores/conector-latao-com-solda-15mm-1/2?produto=1173010;CONECTOR ATERR LATAO 16-50 MM2
/jardinagem/acessorios-de-jardinagem/mangueira/mangueira/mangueira-em-pvc-flex-10-metros-azul?produto=1358705;MANGUEIRA NIV PVC 1""-25,4MM 1,5MM VONDER"
/material-hidraulico/tubos-e-conexoes/curvas/curva-90-serie-r-100mm-bege?produto=1034703;CURVA 350X100MM 90GR EXAUSTAO
/ferragens/acessorios/amortecedor-para-porta-chato-14cm-branco?produto=1375159;AMORTECEDOR HYSTER 1693442
/ferragens/porcas-e-arruelas/arruela-de-ferro-1/4-com-10-pecas?produto=1357292;ARRUELA HYSTER 1627804
/ferragens/acessorios/amortecedor-para-porta-chato-14cm-branco?produto=1375159;AMORTECEDOR HYSTER 1693443
/ferramentas/eletricas/compressor/compressor-de-ar-portatil-12v-50w-preto?produto=1352022;COMPRESSOR HYSTER 4605389
/moveis/cadeiras-e-mesas/conjunto-para-jardim-kangfu-6-pecas-champagne?produto=1378512;CONJUNTO DEMAG
/ferragens/porcas-e-arruelas/arruela-de-ferro-5/32-com-20-pecas?produto=1357274;ARRUELA MERCEDES BENZ A3223230376
/ferragens/porcas-e-arruelas/arruela-de-ferro-3/8-com-4-pecas?produto=1357302;ARRUELA (ELIMIN VER COD 30017871)
/material-hidraulico/tubos-e-conexoes/flange-latao-1/2?produto=1173033;FLANGE MERCEDES BENZ 6953530145
/lazer-e-diversao/piscinas/inflaveis/cartucho-de-filtro-para-bomba-de-piscina-com-2-pecas?produto=1364638;CARTUCHO SOLDA N°90 90G
/ferragens/suportes/trilho-para-prateleira/trilho-de-1-metro-branco?produto=1169763;TRILHO (ELIMIN VER COD 30019375)
/decoracao/espelhos/espelho-opala-30x60cm?produto=1347807;ESPELHO MERCEDES BENZ A.979.810.1316
/utilidades-domesticas/filtros/filtro-200-carbon-block-7?produto=1233000;FILTRO WEGA JFC-207
/utilidades-domesticas/filtros/filtro-200-carbon-block-7?produto=1233000;FILTRO WEGA JF0597
/ferragens/porcas-e-arruelas/arruela-de-ferro-3/8-com-4-pecas?produto=1357302;ARRUELA MITSUBISHI MD050317
/eletronicos/acessorios/controlador-de-velocidade-para-ventilador-110v-com-interruptores-e-placa-4x2-habitat-branco?produto=1224708;CONTROLADOR ADWIN GOLD
/material-eletrico/interruptores/conjunto-de-tomada-2p-t-com-placa-modulare-20a-250v?produto=1184757;CONJUNTO SILENCIAD CATERPILLAR 295-8281
/material-de-construcao/blocos-de-vidro/blocos-de-vidro-ventilados/elemento-vazado-em-vidro-rio-b45-20x10cm?produto=1178986;ELEMENTO TERMICO VOITH 11052240
/material-eletrico/disjuntores-e-armacoes/isolador-de-fase?produto=1347456;ISOLADOR CASE 4895360
/metais-e-acessorios/acessorios/cabide/cabide-1-gancho-idea-cromado?produto=1180928;CABIDE DUPL AC NIQ VONDER
/ferramentas/manuais/niveis-e-prumos/mangueira-para-nivel-5/16-x1-5mm-com-20-metros-transparente?produto=1226765;MANGUEIRA ROYCE RC.800.402
/material-eletrico/disjuntores-e-armacoes/isolador-de-fase?produto=1347456;ISOLADOR PEPPERL FUCHS KHD2-OT1
/material-eletrico/modulos/modulo-cego-com-furo-delta-branco?produto=1225151;COMUTADOR SIEMENS 3SB1201-7DW01
/metais-e-acessorios/acessorios/reparos/reparo-mvc-com-volta-de-1/4-para-torneira?produto=1346561;REPARO SEW KITBR
/material-eletrico/disjuntores-e-armacoes/isolador-de-fase?produto=1347456;ISOLADOR ALD 11053391
/metais-e-acessorios/torneiras/cozinha/torneira-para-cozinha-de-parede-bica-movel-com-articulador-c55-cromado?produto=1233562;ARTICULADOR MITSUBISHI MR510267
/material-eletrico/interruptores/conjunto-interruptor-simples-com-placa-4x2-duale-up-branco?produto=1226449;INTERRUPTOR FACOBRAS 9151007
/ferragens/pregos-parafusos-e-buchas/parafuso/chumbador-para-concreto-com-pitao-1/4-com-2-pecas-cromado?produto=1353227;CHUMBADOR A C GV PBA 1
/lazer-e-diversao/piscinas/inflaveis/boia-pneu-radial?produto=1364660;PNEU 225
/pisos-e-revestimentos/pastilhas/pastilhas-ate-30x30/pastilha-porcelanato-jd4420-colina-5x5?produto=1378490;PASTILHA CJ FREIO CAMINH FIAT
/utilidades-domesticas/filtros/elemento-filtrante-11cm?produto=1346883;ELEMENTO FIAT 51977574
/ferragens/porcas-e-arruelas/arruela-de-ferro-1/2-com-4-pecas?produto=1357266;ARRUELA WEG 10021571
/material-eletrico/plugues/caixa-de-protecao-eletrica-de-sobrepor-20a-220v-branco?produto=1379654;CAIXA WEG 11174030
/metais-e-acessorios/valvulas/descarga/valvula-de-descarga-1-1/2-hydra-plus-cromada?produto=1114676;VALVULA SEW 0013 032X
/ferragens/suportes/abracadeiras/abracadeira-de-rosca-sem-fim-5/8-x3/4?produto=1377645;ABRACADEIRA ITT 38-51F14,5"
/telhas-e-calhas/calhas-e-rufos/acessorios-para-calhas-e-rufos/acoplamento-circular-aquapluv-style-branco?produto=1056133;ACOPLAMENTO FLSMIDTH 8E-6612-01
/metais-e-acessorios/registros-e-bases/base/base-de-registro-de-gaveta-1-1509-bruto?produto=1374654;BASE WEIR D003M-G01
/ferramentas/manuais/metros-e-trenas/trena-standard-16mm-com-3-metros?produto=1177055;TRENA 3M 13MM MM
/material-de-construcao/espacadores/clipe-espacador-n5-em-plastico-2mm-com-50-pecas?produto=1306634;ESPACADOR CERAM ANALIS LECO
/ferragens/porcas-e-arruelas/arruela-de-ferro-5/16-com-10-pecas?produto=1357296;ARRUELA SIGNODE 162568
/ferragens/porcas-e-arruelas/arruela-de-ferro-3/16-com-20-pecas?produto=1357272;ARRUELA SIMPLEX 1939
/ferragens/pregos-parafusos-e-buchas/buchas/bucha-de-fixacao-6mm-com-parafuso-com-200-pecas-cinza?produto=1353169;BUCHA FAST 30.200.0.11133
/fechadura-e-seguranca/seguranca-pessoal/capa-em-pvc-forrada-grande-amarela?produto=1372281;CAPA P
/ferramentas/manuais/chaves/fenda/chave-de-fenda-com-ponteiras?produto=1176470;CHAVE COMB C
/ferragens/pregos-parafusos-e-buchas/parafuso/parafuso-rosca-total-sextavado-3/16x3/4-com-4-pecas-zincado?produto=1082272;PARAFUSO BOSCH 1463456344
/ferramentas/eletricas/esmerilhadeiras/esmerilhadeira-angular-7-2000w-220v-azul?produto=1367672;ESMERILHADEIRA (ELIM VER COD 30034618)
/ferramentas/eletricas/compressor/compressor-de-ar-portatil-12v-50w-preto?produto=1352022;COMPRESSOR AR C
/telhas-e-calhas/telhas/acessorios-para-telhas/haste-para-telha-1/4-x350mm-com-4-pecas-cromado?produto=1348207;HASTE ANDRITZ 206167087
/jardinagem/aparador-e-rocadeira-de-grama/carretel-1-fio-de-nylon-1-8mm-com-8-metros?produto=1117857;CARRETEL DEL REY 1.020.336
/janelas-e-portas/complementos/batente/jogo-de-batente-primer-branco-215x14cm-3-pecas?produto=1168413;BATENTE FIAT 7521937
/banheiro/barra-de-apoio/barra-de-seguranca-30-reta-branca?produto=1369667;BARRA FESMA BD.30.30
/ferragens/pregos-parafusos-e-buchas/buchas/bucha-preta-5mm-30-pecas?produto=1216906;BUCHA ART S DESENHOS DES 1015-03
/eletroportateis/ferros-de-passar/ferro-de-passar-a-seco-fsn-55-b-branco-127v?produto=1384973;FERRO SOLD CONIC 90W 127V HIKARI
/jardinagem/acessorios-de-jardinagem/mangueira/acessorio/esguicho-para-mangueira-power-jet?produto=1377891;MANGUEIRA PU ESP AM VONDER
/ferramentas/manuais/desempenadeiras/desempenadeira-em-aco-lisa-cabo-plastico-12x25-6cm?produto=1357773;DESEMPENADEIRA LI PVC 17X30CM PVC FECH
/metais-e-acessorios/registros-e-bases/base/base-de-registro-de-gaveta-1-1509-bruto?produto=1374654;BASE PHDSENSORES BM010
/ferragens/pregos-parafusos-e-buchas/buchas/bucha-preta-5mm-30-pecas?produto=1216906;BUCHA ALTA PRESSAO DES FO.22-180 B5022
/jardinagem/acessorios-de-jardinagem/fertilizantes-e-pesticidas/retentor-de-agua-para-plantas-hidroplan-5g?produto=1090697;RETENTOR SEW 177598
/utilidades-domesticas/cozinha/utensilios/azeiteiro-em-vidro-com-bico-dosador-em-inox-transparente?produto=1371091;BICO CJ ASPERS INOX CBMM
/ferragens/porcas-e-arruelas/arruela-de-ferro-1/4-com-10-pecas?produto=1357292;ARRUELA WETZEL ARA-40
/metais-e-acessorios/registros-e-bases/registro-de-gaveta/mecanismo-de-vedacao-para-registro-de-3/4?produto=1036738;MECANISMO METALICO BOSTON METAL
/telhas-e-calhas/calhas-e-rufos/acessorios-para-calhas-e-rufos/kit-de-corrente-para-calha-elo-15mm-branca?produto=1365387;CORRENTE ELO TRANS P 5
/utilidades-domesticas/lavanderia/produtos-de-limpeza/limpador-desincrustante-limpeza-pesada-5-litros?produto=1180372;LIMPADOR ALIM CBMM
/ferragens/pregos-parafusos-e-buchas/parafuso/parafuso-maquina-para-metal-3/16-x1/2-com-50-pecas?produto=1357803;PARAFUSO MANITOU 191113
/material-eletrico/quadros-de-luz/suporte-para-conectores-rj-11-e-rj-45-branco?produto=1140789;CONECTOR AVAYA RJ-45 MACHO CAT 5E
/ferragens/porcas-e-arruelas/arruela-de-ferro-3/8-com-4-pecas?produto=1357302;ARRUELA MANITOU 479802
/ferragens/dobradicas/dobradica-para-porta-com-rolamento-com-3-pecas-cromada?produto=1138854;ROLAMENTO SEW 106046
/metais-e-acessorios/valvulas/escoamento/valvula-americana-3-x-1-cromada?produto=1136919;VALVULA SEW 130303
/material-hidraulico/tubos-e-conexoes/flange-latao-1/2?produto=1173033;FLANGE SEW 13612395
/ferragens/porcas-e-arruelas/arruela-de-ferro-1/2-com-4-pecas?produto=1357266;ARRUELA SEW 121592
/ferragens/porcas-e-arruelas/arruela-de-ferro-1/2-com-4-pecas?produto=1357266;ARRUELA SEW 13261126
/metais-e-acessorios/acessorios/vedacao/anel-de-vedacao-de-cera-fixacao-para-vaso-sanitario?produto=1033054;ANEL ELAST TRANSM PA CARREG CAT
/ferragens/pregos-parafusos-e-buchas/parafuso/parafuso-para-telha-ondulada-5/16-x165mm?produto=1044751;PARAFUSO CATERPILLAR 8C-8478
/ferragens/pregos-parafusos-e-buchas/parafuso/parafuso-rosca-total-sextavado-3/16x3/4-com-4-pecas-zincado?produto=1082272;PARAFUSO BRASTAN 907683
/pisos-e-revestimentos/pastilhas/pastilhas-ate-30x30/pastilha-borda-bold-floral-verde-30x30cm?produto=1215063;PASTILHA BRASTAN KC 730
/ferragens/porcas-e-arruelas/arruela-de-ferro-3/8-com-4-pecas?produto=1357302;ARRUELA EIRICH 9568
/ferragens/pregos-parafusos-e-buchas/parafuso/parafuso-trombeta-para-drywall-3-5x35mm-com-10-pecas?produto=1357654;PARAFUSO EIRICH 8203
/ferragens/pregos-parafusos-e-buchas/parafuso/parafuso-para-telha-ondulada-5/16-x165mm?produto=1044751;PARAFUSO HAVER BOECKER 71
/ferragens/pregos-parafusos-e-buchas/parafuso/parafuso-maquina-para-metal-3/16-x1/2-com-50-pecas?produto=1357803;PARAFUSO EIRICH 6329
/metais-e-acessorios/acessorios/engate/engate-flexivel-50cm-branco?produto=1084511;ENGATE LING CBMM
/moveis/cadeiras-e-mesas/conjunto-para-jardim-kangfu-6-pecas-champagne?produto=1378512;CONJUNTO BOMAX 477358
/pisos-e-revestimentos/pastilhas/pastilhas-ate-30x30/pastilha-borda-bold-floral-verde-30x30cm?produto=1215063;PASTILHA FRAS LE PD
/material-hidraulico/tubos-e-conexoes/adaptadores/adaptador-soldavel-com-flange-anel-para-caixa-d-agua-50mm-marrom?produto=1039375;ADAPTADOR EIRICH 17904
/metais-e-acessorios/acessorios/vedacao/anel-de-vedacao-universal-para-saida-de-caixa-acoplada?produto=1229281;ANEL BLUKIT 100820-41
/ferramentas/eletricas/compressor/compressor-de-ar-portatil-12v-50w-preto?produto=1352022;COMPRESSOR AUTOMOT 24V ROYCE
/material-hidraulico/tubos-e-conexoes/conectores/conector-macho-aquatherm-1-x28mm-bege?produto=1048064;CONECTOR AUTOMOT FEM NY RAINHA
/ferragens/porcas-e-arruelas/arruela-de-ferro-3/16-com-20-pecas?produto=1357272;ARRUELA LECO 193-164
/jardinagem/aparador-e-rocadeira-de-grama/carretel-1-fio-de-nylon-1-8mm-com-8-metros?produto=1117857;CARRETEL CURV DISTR POLP DEL REY
/ferragens/pregos-parafusos-e-buchas/parafuso/parafuso-trombeta-para-drywall-3-5x35mm-com-10-pecas?produto=1357654;PARAFUSO WEIR D012M
/ferragens/acessorios/amortecedor-para-porta-chato-14cm-branco?produto=1375159;AMORTECEDOR GAS LIFT MAGRAL
/material-hidraulico/tubos-e-conexoes/luvas/luva-simples-esgoto-100mm?produto=1034384;LUVA TAMPA 65MM PIAL 10801
/utilidades-domesticas/cozinha/utensilios/espatula-silicone-flex-28cm-vermelha?produto=1384800;ESPATULA FLEX LAM LI A C 216X80MM
/ferragens/acessorios/rodizio-para-moveis-38mm-com-chapa-50mm-preto?produto=1375189;CHAPA N
/ferragens/pregos-parafusos-e-buchas/parafuso/parafuso-trombeta-para-drywall-3-5x35mm-com-10-pecas?produto=1357654;PARAFUSO SIGNODE 459020
/ferragens/pregos-parafusos-e-buchas/parafuso/parafuso-trombeta-para-drywall-3-5x35mm-com-10-pecas?produto=1357654;PARAFUSO MR 6521700
/ferragens/acessorios/capacitor-para-ventilador-4-6mf-250v?produto=1231063;CAPACITOR LECO 619-593-160
/telhas-e-calhas/calhas-e-rufos/acessorios-para-calhas-e-rufos/acoplamento-circular-aquapluv-style-branco?produto=1056133;ACOPLAMENTO 125.270.0030 POS3
/metais-e-acessorios/acessorios/reparos/mecanismo-de-saida-com-acionamento-superior-para-caixa-acoplada?produto=1229309;MANOPLA ACIONAMENTO WEG 14164524
/ferramentas/manuais/martelos-e-marretas/martelo-de-borracha-80mm-preto?produto=1378973;BORRACHA AUTO ADESIVA 8X30MMX50M
/material-hidraulico/tubos-e-conexoes/buchas/bucha-de-reducao-com-rosca-2x1-branca?produto=1048047;BUCHA REDUCAO 165.233.0007
/ferragens/porcas-e-arruelas/arruela-de-ferro-1/4-com-10-pecas?produto=1357292;ARRUELA SEGURANCA EIRICH C0012974
/material-eletrico/interruptores/simples/conjunto-de-1-interruptor-simples-10a-250v-com-placa-4x2-miluz-branca?produto=1224330;INTERRUPTOR PARAL SCHNEIDER PRM2452
/moveis/cadeiras-e-mesas/conjunto-de-cadeiras-e-mesa-com-pes-em-fibra-sintetica-com-4-pecas-marrom?produto=1312791;FIBRA PE
/ferragens/acessorios/amortecedor-para-porta-chato-14cm-branco?produto=1375159;AMORTECEDOR STHIL 11217909912
/ferragens/pregos-parafusos-e-buchas/parafuso/parafuso-trombeta-para-drywall-3-5x35mm-com-10-pecas?produto=1357654;PARAFUSO SAUR M0210250
/material-hidraulico/tubos-e-conexoes/adaptadores/adaptador-para-caixa-d-agua-com-registro-25mm?produto=1080870;ADAPTADOR SAUR M0280588
/jardinagem/aparador-e-rocadeira-de-grama/carretel-1-fio-de-nylon-1-8mm-com-8-metros?produto=1117857;CARRETEL T C
/ferragens/porcas-e-arruelas/arruela-de-ferro-1/4-com-10-pecas?produto=1357292;ARRUELA FIAT 14496721
/ferragens/pregos-parafusos-e-buchas/parafuso/parafuso-trombeta-para-drywall-3-5x35mm-com-10-pecas?produto=1357654;PARAFUSO FIAT 46829837
/telhas-e-calhas/calhas-e-rufos/acessorios-para-calhas-e-rufos/acoplamento-circular-aquapluv-bege?produto=1056134;ACOPLAMENTO GRUBER FLEXACIER 2T
/ferragens/porcas-e-arruelas/arruela-de-ferro-5/32-com-20-pecas?produto=1357274;ARRUELA SKF MB27
/ferramentas/manuais/niveis-e-prumos/mangueira-para-nivel-5/16-x1-5mm-com-20-metros-transparente?produto=1226765;MANGUEIRA SMS SIEMAG 10001419
/decoracao/molduras-de-parede/moldura-de-parede-em-poliuretano-sp2n-1x21x200cm-branco?produto=1080324;MOLDURA MANGA PAREDE SMS SIEMAG 11157112
/ferramentas/manuais/alicates/alicate-bomba-d-agua-10-amarelo?produto=1033318;BOMBA AQUATEC 88-MIL-PF08472
/janelas-e-portas/janelas/veneziana/aluminio/janela-veneziana-de-correr-lateral-direita-em-aluminio-com-grade-150x120cm-branca?produto=1182523;JANELA LATERAL DESLIZANTE MB A9106734600
/metais-e-acessorios/acessorios/reparos/kit-conversor-duo-pro-11/2-cromado?produto=1221951;CONVERSOR SIN WEIDMULLER ACT20M-BAI-AO-S
/decoracao/quadros-e-mobiles/quadros/quadro-impresso-com-moldura-mar-44x63cm?produto=1369597;MOLDURA QUADRO A3 40,00 X 30,00 CM"
/material-hidraulico/tubos-e-conexoes/adaptadores/adaptador-condulete-top-1-cinza?produto=1081026;ADAPTADOR JOHN DEERE 38H1338
/ferramentas/acessorios-para-ferramentas/disco-de-corte-para-madeira-4-3/8-laranja?produto=1368629;DISCO COLETOR BI PART
/material-hidraulico/tubos-e-conexoes/adaptadores/adaptador-condulete-top-1-cinza?produto=1081026;ADAPTADOR VOLVO 15633940
/ferragens/porcas-e-arruelas/arruela-de-ferro-1/2-com-4-pecas?produto=1357266;ARRUELA SMS SIEMAG 10005652
/ferragens/pregos-parafusos-e-buchas/parafuso/parafuso-para-telha-ondulada-5/16-x165mm?produto=1044751;PARAFUSO VONDER 3581005000
/ferragens/pregos-parafusos-e-buchas/parafuso/parafuso-rosca-total-sextavado-3/16x3/4-com-4-pecas-zincado?produto=1082272;PARAFUSO SMS SIEMAG 10935974
/ferramentas/manuais/chaves/allen/jogo-de-chaves-torx-t9-a-t40-com-8-pecas?produto=1176983;CHAVE TORX JG TT9-TT40 SATA ST09123SJ
/utilidades-domesticas/lavanderia/produtos-de-limpeza/limpador-de-grelhas-e-chapas-300ml?produto=1382062;CHAPA GRELHA RET AC 3
/ferragens/porcas-e-arruelas/arruela-de-ferro-1/4-com-10-pecas?produto=1357292;ARRUELA SEW 1034456
/metais-e-acessorios/valvulas/escoamento/valvula-americana-3-x-1-cromada?produto=1136919;BALANCIM VALVULA FIAT 55186463
/ferragens/pregos-parafusos-e-buchas/parafuso/parafuso-trombeta-para-drywall-3-5x35mm-com-10-pecas?produto=1357654;PARAFUSO LECO 190-055
/ferragens/porcas-e-arruelas/arruela-de-ferro-3/8-com-4-pecas?produto=1357302;ARRUELA MWM 904921101418
/ferragens/pregos-parafusos-e-buchas/parafuso/parafuso-para-telha-ondulada-5/16-x165mm?produto=1044751;PARAFUSO FIX TAMPA INBRAS MF02.00015
/material-hidraulico/tubos-e-conexoes/adaptadores/adaptador-para-caixa-d-agua-com-registro-25mm?produto=1080870;ADAPTADOR SEW LP63-90 23 001 579
/material-hidraulico/tubos-e-conexoes/adaptadores/adaptador-para-caixa-d-agua-com-registro-25mm?produto=1080870;ADAPTADOR NETZSCH 4439075
/metais-e-acessorios/acessorios/parafuso-de-fixacao/parafuso-de-fixacao-13cm-cromado?produto=1224814;PARAFUSO FIXACAO 112.241.0010 01
/ferragens/pregos-parafusos-e-buchas/parafuso/parafuso-para-telha-ondulada-5/16-x165mm?produto=1044751;PARAFUSO HONDA 90113S84901
/material-hidraulico/tubos-e-conexoes/aneis/anel-de-borracha-para-esgoto-50mm-preto?produto=1034416;BORRACHA WACNER 0102862
/material-de-construcao/equipamentos-para-construcao/cavaletes-para-construcao/cavalete-de-eucalipto-95x100cm?produto=1378268;CAVALETE SINAL 1,2X1,2X1,2M AMRELO"
/ferramentas/manuais/chaves/biela/chave-biela-14mm-cromada?produto=1039039;CHAVE FILTRO OLEO SACA FILTRO AC 120MM
/material-hidraulico/tubos-e-conexoes/grelhas-e-ralos/grelha-concava-30x30cm-ferro-fundido?produto=1035562;GRELHA BOCO LOBO 30X90CM ARTICULAVEL
/material-hidraulico/tubos-e-conexoes/adaptadores/adaptador-para-caixa-d-agua-com-registro-25mm?produto=1080870;ADAPTADOR PERKIN ELMER N0790143
/material-hidraulico/tubos-e-conexoes/aneis/anel-de-vedacao-para-esgoto-150mm-preto?produto=1226206;ANEL VEDACAO TESTO 01350138
/material-hidraulico/tubos-e-conexoes/flange-latao-1/2?produto=1173033;FLANGE SOLTO ACO A105 150PSI 8"""
/material-hidraulico/tubos-e-conexoes/adaptadores/adaptador-bruto-para-instalacao-de-gas-femea-1/2-x3/8?produto=1176293;ADAPTADOR STORZ 2.1
/ferragens/porcas-e-arruelas/arruela-de-ferro-3/8-com-4-pecas?produto=1357302;ARRUELA VEDACAO TERMOTECNICA TEL-5307
/material-hidraulico/tubos-e-conexoes/adaptadores/adaptador-para-caixa-d-agua-com-registro-25mm?produto=1080870;ADAPTADOR BRAY 9000A1-22600536
/ferragens/porcas-e-arruelas/arruela-de-ferro-3/8-com-4-pecas?produto=1357302;ARRUELA CITIC DO BRASIL M2339[W]-9
/ferragens/pregos-parafusos-e-buchas/buchas/bucha-de-fixacao-8mm-com-parafuso-com-5-pecas-cinza?produto=1353315;PARAFUSO CITIC DO BRASIL M2339[W]-4
/tintas-e-acessorios/fitas/fitas-adesivas-multiuso/fita-adesiva-5cm-flextic-com-50m-branca?produto=1183892;FITA ADESIVA EMPAC TRANSP 45CM X 45M
/ferramentas/acessorios-para-ferramentas/disco-diamantado-para-vidro-105x20mm?produto=1353648;DISCO LIMP 510MM VD
/fechadura-e-seguranca/seguranca-pessoal/luva-fem-borracha-nitrilica-flocada-9-verde?produto=1372289;LUVA SEG P NITRILICA ANSELL P
/fechadura-e-seguranca/seguranca-pessoal/luva-em-poliester-com-borracha-nitrilica-8-preta?produto=1372255;LUVA SEG M NITRILICA ANSELL P
/fechadura-e-seguranca/seguranca-pessoal/luva-fem-borracha-nitrilica-flocada-9-verde?produto=1372289;LUVA SEG G NITRILICA ANSELL P
/utilidades-domesticas/cozinha/utensilios/porta-detergente-bucha-e-sabao?produto=1178870;DETERGENTE ACIDO GRAN 50KG BELVA E -308
/fechadura-e-seguranca/seguranca-pessoal/luva-em-poliester-com-borracha-nitrilica-8-preta?produto=1372255;LUVA SEG TAM 8 NITRILICA DANNY DA36101
/fechadura-e-seguranca/seguranca-pessoal/capacete-com-aba-frontal-branco?produto=1372250;CAPACETE SEG CINZA
/utilidades-domesticas/filtros/filtro-acqua-fresh?produto=1163917;FILTRO MASC RESP QUIM GASES MULTIPLOS P3
/fechadura-e-seguranca/seguranca-pessoal/luva-em-poliester-com-borracha-nitrilica-9-preta?produto=1372265;LUVA SEG TAM 9 NITRILICA DANNY DA36101
/fechadura-e-seguranca/seguranca-pessoal/fita-zebrada-em-rolo-65mm-com-200-metros-amarela-e-preta?produto=1372254;FITA SEGUR ZEBRADA AM
/decoracao/tapetes-e-capachos/tapetes/tapete-sanitizante-2-em-1-max-40x78cm-preto?produto=1377612;TAPETE VIN PT RETANG 40X80CM S
/fechadura-e-seguranca/seguranca-pessoal/capa-em-pvc-forrada-grande-amarela?produto=1372281;CAPA PROT 7
/tintas-e-acessorios/mascara-de-protecao-facial-em-policarbonato-8-incolor?produto=1370374;MASCARA RESPIR FACIAL TAM M 3M 6800
/lazer-e-diversao/piscinas/tratamentos/estojo-de-analise-de-cloro-e-ph-reagente?produto=1233529;REAGENTE ACIDO CLORIDRICO 1L
/ferragens/correntes-e-cadeados/cadeado-haste-longa-35/75mm?produto=1054821;CAMISA UNIF ADM MASC LONGA Nº 3
/ferramentas/eletricas/parafusadeiras/parafusadeira-e-furadeira-a-bateria-12v-3-8-ws2555k-azul?produto=1373428;BATERIA AUTO 12V 150A
/fechadura-e-seguranca/seguranca-pessoal/capa-em-pvc-forrada-grande-amarela?produto=1372281;CAPA PROT 7
/fechadura-e-seguranca/seguranca-pessoal/capacete-com-aba-frontal-branco?produto=1372250;CAPACETE SEG LARANJA
/ferramentas/acessorios-para-ferramentas/luva-em-vaqueta-petroleira-cinza?produto=1370311;LUVA SEG VAQUETA PUNHO DE MALHA
/tintas-e-acessorios/corantes/corantes-liquidos/corante-liquido-verde-50ml?produto=1033888;LIQUIDO ANTIEMB MAVARO
/tintas-e-acessorios/solventes-e-removedores/removedores/solvente-aguarras-premium-900ml?produto=1376727;SOLVENTE DETERG
/tintas-e-acessorios/seladores-e-fundos/primer-asfaltico-3-6-litros?produto=1380106;PRIMER INTERGARD 235 VM OX GL 3,6L"
/lazer-e-diversao/piscinas/inflaveis/dispensador-flutuante-para-piscina?produto=1364628;DISPENSADOR POUPA COPO HIG BR ABS
/fechadura-e-seguranca/seguranca-pessoal/capacete-com-aba-frontal-azul-escuro?produto=1372263;CAPACETE SEG AZ ESCURO
/fechadura-e-seguranca/seguranca-pessoal/capacete-com-aba-frontal-branco?produto=1372250;CAPACETE SEG MARROM
/fechadura-e-seguranca/seguranca-pessoal/capacete-com-aba-frontal-branco?produto=1372250;CAPACETE SEG VERDE
/material-hidraulico/tubos-e-conexoes/grelhas-e-ralos/conjunto-de-grelha-e-caixa-coletora-de-pvc-18x18cm?produto=1233584;CONJUNTO PVC LAMINADO AZUL G C
/material-hidraulico/tubos-e-conexoes/grelhas-e-ralos/conjunto-de-grelha-e-caixa-coletora-de-pvc-18x18cm?produto=1233584;CONJUNTO PVC LAMINADO AZUL XG C
/decoracao/cortinas-e-persianas/cortinas/persiana-rolo-tela-solar-260x100cm-creme?produto=1215002;CREME PROT SOLAR S
/utilidades-domesticas/filtros/refil-para-filtro-de-agua-fit-com-1-peca?produto=1367414;FILTRO MASC RESP COMB MASCARA FACIAL P3
/fechadura-e-seguranca/seguranca-pessoal/luva-em-poliester-com-borracha-nitrilica-10-preta?produto=1372251;LUVA SEG TAM 10 NITRILICA DANNY DA36101
/utilidades-domesticas/feltros-e-ganchos/protetor-anti-impacto-quadrado-transparente?produto=1184359;PROTETOR AUDIT CONCHA ELETRICISTA 3M
/fechadura-e-seguranca/seguranca-pessoal/protetor-auricular-plug-copolimero-amarelo-e-azul?produto=1372271;PROTETOR AUDIT PLUG REUTILIZAVEL 3M
/utilidades-domesticas/feltros-e-ganchos/protetor-anti-impacto-redondo-grande?produto=1184335;PROTETOR AUDIT CONCHA C
/utilidades-domesticas/cozinha/suporte-e-organizador/protetor-veda-porta-liso-80cm-preto?produto=1231090;PROTETOR FACIAL POL INCOLOR 3M
/utilidades-domesticas/cozinha/suporte-e-organizador/suporte-para-forno-micro-ondas-ajustavel-branco?produto=1224132;SUPORTE P
/fechadura-e-seguranca/seguranca-pessoal/capa-em-pvc-forrada-grande-amarela?produto=1372281;CAPA PROT 7
/tintas-e-acessorios/solventes-e-removedores/removedores/solvente-aguarras-premium-450ml?produto=1368924;SOLVENTE PU 5L GTA 713
/ferragens/acessorios/rodizio-para-moveis-38mm-com-chapa-50mm-preto?produto=1375189;CHAPA N
/material-de-construcao/cimentos-e-argamassas/cimentos/cimento-todas-as-obras-50kg?produto=1228972;CIMENTO C
/ferragens/correntes-e-cadeados/cadeado-haste-longa-35/75mm?produto=1054821;CAMISA UNIF ADM MASC LONGA Nº 2
/ferragens/correntes-e-cadeados/cadeado-haste-longa-35/75mm?produto=1054821;CAMISA UNIF ADM MASC LONGA Nº 4
/tintas-e-acessorios/solventes-e-removedores/removedores/aguarras-solvente-diluente-geral-900ml?produto=1047175;SOLVENTE 200 L BIO FREE DESENGRAX DL
/lazer-e-diversao/piscinas/inflaveis/colete-inflavel-peixinho-amarelo?produto=1306559;COLETE SINAL REFLET ZIPER LJ G
/tintas-e-acessorios/tintas/tintas-para-parede/tinta-latex-3-em-1-branco-gelo-18-litros?produto=1044201;TINTA CORALMUR LATEX BC GELO 18L
/ferramentas/manuais/niveis-e-prumos/mangueira-para-nivel-5/16-x1-5mm-com-20-metros-transparente?produto=1226765;MANGUEIRA INCENDIO 2 POLIEST 2.1
/material-hidraulico/tubos-e-conexoes/luvas/luva-simples-esgoto-100mm?produto=1034384;LUVA SEG TAM 10,5 VAQ CANO CURTO"
/lazer-e-diversao/piscinas/inflaveis/colete-inflavel-peixinho-amarelo?produto=1306559;COLETE SINAL REFLET ZIPER LJ XXG
/lazer-e-diversao/piscinas/inflaveis/colete-inflavel-peixinho-amarelo?produto=1306559;COLETE SINAL REFLET ZIPER LJ XG
/fechadura-e-seguranca/seguranca-pessoal/luva-fem-borracha-nitrilica-flocada-9-verde?produto=1372289;LUVA SEG GG NITRILICA ANSELL P
/utilidades-domesticas/cozinha/suporte-e-organizador/protetor-veda-porta-liso-80cm-preto?produto=1231090;PROTETOR FACIAL P
/ferramentas/eletricas/serras/motosserra-a-gasolina-38cc-com-sabre-de-16?produto=1357973;GASOLINA COMUM
/tintas-e-acessorios/seladores-e-fundos/primer-asfaltico-3-6-litros?produto=1380106;PRIMER INTERPLATE 341 VM OX GL 3,6L"
/tintas-e-acessorios/esmaltes/tinta-esmalte-sintetico-premium-brilhante-coralit-tradicional-ouro-3-6-litros?produto=1307961;TINTA INTERTHANE 990 AM OURO 3,6L"
/utilidades-domesticas/cozinha/caneca-e-xicara/caneca-de-porcelana-pineapple-party-330ml?produto=1365675;CADINHO PORCELANA 115ML A7
/jardinagem/acessorios-de-jardinagem/corrente-para-vaso-80cm-prata?produto=1161956;CORRENTE PLAST ANALIS LECO
/tintas-e-acessorios/tintas/tintas-para-parede/tinta-grafite-claro-900ml?produto=1033949;CADINHO GRAFITE 1000UN
/moveis/cadeiras-e-mesas/conjunto-para-jardim-kangfu-6-pecas-champagne?produto=1378512;CONJUNTO BLASCH MIX 87
/tintas-e-acessorios/seladores-e-fundos/primer-asfaltico-3-6-litros?produto=1380106;PRIMER INTERZONE 101 VD GL 3,6L"
/lazer-e-diversao/piscinas/tratamentos/estojo-de-analise-de-cloro-e-ph-reagente?produto=1233529;REAGENTE CJ 3COMP LIQ
/material-hidraulico/tubos-e-conexoes/adaptadores/adaptador-para-caixa-d-agua-com-registro-25mm?produto=1080870;ADAPTADOR ENDRESSHAUSER SWA70-AA2A1B8+IK
/utilidades-domesticas/lavanderia/produtos-de-limpeza/alcool-em-gel-para-limpeza-70-inpm-500ml?produto=1372286;ALCOOL ETILICO HIDRATADO 70,00 GRAUS GEL"
/material-eletrico/modulos/modulo-carregador-usb-refinatto-style-preto?produto=1380055;CARREGADOR MOTOROLA WPLN4280
"/utilidades-domesticas/lavanderia/varal/corda-em-aco-para-varal-de-parede-com-10-metros?produto=1037101;CORDA PA 10,0MM"
/utilidades-domesticas/cozinha/suporte-e-organizador/porta-detergente-branco?produto=1184057;DETERGENTE LIQ ECO-STAR BUILDER 2000 60L
/utilidades-domesticas/cozinha/suporte-e-organizador/porta-detergente-e-esponja-wave-imbuia?produto=1378351;DETERGENTE ECOLAB MAXI JOB 20L
/tintas-e-acessorios/pinceis-e-acessorios/trinchas-e-pinceis/trincha-para-parede-3/4-com-cerda-gris?produto=1302330;PINCEL TRINCHA NATURAL GRIS 3"""
/material-hidraulico/tubos-e-conexoes/conectores/conector-aquatherm-1/2-x15mm-bege?produto=1131356;CONECTOR HERZOG 9-3542-324355-0
/jardinagem/acessorios-de-jardinagem/mangueira/mangueira/mangueira-com-engate-rosqueado-e-esguicho-flex-transparente-1/2-de-20-metros?produto=1150790;MANGUEIRA HERZOG PGF0026
/material-hidraulico/tubos-e-conexoes/joelho-e-cotovelo/joelho-45-com-rosca-2-branco?produto=1084782;JOELHO HERZOG 9-3542-463089-3
/eletrodomesticos/ar-condicionado/condicionador-de-ar-ambient-12qc-2hx?produto=1224031;CONDICIONADOR 50ML CASTANHA GRANADO
/material-de-construcao/espacadores/pacote-espacador-juntapiso-2-00mm-plastico?produto=1222271;APAGADOR 150 X 60MM PILOT 150-N FLIP-TOP
/ferramentas/acessorios-para-ferramentas/cola-bastao-12x280mm-1kg-worker?produto=1363831;COLA BASTAO 40,00G BRANCA PRITT"
/ferramentas/manuais/grampeador/grampeador-manual-2-em-1-vermelho?produto=1378977;GRAMPEADOR EAGLE 208P
/material-eletrico/plugues/grampo-para-haste-de-aterramento-em-aco-estanhado-cobreado?produto=1306693;GRAMPO 26
/material-hidraulico/tubos-e-conexoes/complementos/vedacao/fita-veda-rosca-18mm-com-10-metros-branca?produto=1034367;FITA ADES P
/jardinagem/acessorios-de-jardinagem/oleo-vegetal-100ml?produto=1223423;OLEO (ELIMIN VER COD 40003785)
/utilidades-domesticas/cozinha/lixeira/lixeira-dupla-abertura-10-litros-mediterraneo?produto=1387104;ABERTURA MEV THERMO FISHER
/lavanderia/produtos-de-limpeza/gel-desengraxante-branco-400g?produto=1358708;DESENGRAXANTE P
/tintas-e-acessorios/solventes-e-removedores/removedores/querosene-5-litros?produto=1054798;QUEROSENE AVIAC GRAN
/ferramentas/manuais/tesouras-e-facoes/tesoura-para-funileiro-10-ref-138460?produto=1138434;TESOURA 21CM MUNDIAL CORTAFACIL 160
/jardinagem/acessorios-de-jardinagem/fertilizantes-e-pesticidas/desodorizador-citro-dimy-500ml?produto=1223427;DESODORIZADOR GLADELAVANDAAEROSSOL360ML
/eletronicos/carregadores-pilhas-e-baterias/pilha-pequena-alcalina-aa-1-5v-com-2-unidades?produto=1232173;PILHA ALCALINA AA 1,50V CART 2 UN"
/material-de-construcao/pias-e-cubas/cuba/inox/cuba-aco-inox-460x300x140mm?produto=1377995;CUBA HOSP RIM ACO INOX 740 ML 26X12CM
/metais-e-acessorios/acessorios/ligacao-flexivel/ligacao-flexivel-1/2-40cm-cromada?produto=1033353;LIGACAO FLEX AI 1
/fechadura-e-seguranca/fechaduras-externas/fechadura-externa-com-espelho-premium-cromada?produto=1232118;FECHADURA CREMONA AZ
/moveis/multi-uso/mesa/mesa-em-mdp-multiuso-com-gaveta-74x90cm-preta?produto=1381718;MESA P
/utilidades-domesticas/cozinha/utensilios/sanduicheira-fast-grill-750w-110v-preta?produto=1222126;GRILL ELETR 110V-60HZ MONDIAL
/utilidades-domesticas/lavanderia/produtos-de-limpeza/desinfetante-pinho-original-1-litro?produto=1365759;DESINFETANTE POLITRIZ
/moveis/multi-uso/cadeira/cadeira-polipropileno-com-pes-de-madeira-82x47cm-preta?produto=1281002;CADEIRA CX
/telhas-e-calhas/impermeabilizacao/mantas-e-fitas-asfalticas/manta-asfaltica-multiuso-preto-3mm?produto=1379696;MANTA P
/material-hidraulico/tubos-e-conexoes/complementos/vedacao/fita-veda-rosca-18mm-com-10-metros-branca?produto=1034367;FITA ADES P
/ferramentas/acessorios-para-ferramentas/mochila-para-ferramentas-com-base-emborrachada-14-preto?produto=1364811;MOCHILA P
/tintas-e-acessorios/tintas/tintas-para-parede/tinta-grafite-escuro-900ml?produto=1033950;BECKER GRAD 1000ML 50ML PP NALGON
/material-de-construcao/loucas/banheiro/lavatorio/apoio/cuba-de-apoio-oval-40x30cm-branca?produto=1141346;APOIO PUNH P
/utilidades-domesticas/filtros/bebedouro-de-chao-para-galao-176w-110v-master-cga-inox?produto=1367407;BEBEDOURO GAR COLUNA GEL
/tintas-e-acessorios/adesivos-e-colas/colas-instantaneas/super-cola-caneta-uv-incolor-4g?produto=1357999;CANETA P
/lazer-e-diversao/piscinas/inflaveis/dispensador-flutuante-para-piscina?produto=1364628;DISPENSADOR ALC AZ 800ML PREMISSE
/jardinagem/acessorios-de-jardinagem/carrinho-de-mao-com-cacamba-arredondada-50-litros-azul?produto=1309157;CARRINHO MULTIUSO P
/utilidades-domesticas/filtros/bebedouro-de-mesa-para-galao-154w-110v-stilo-hermetico-fume?produto=1367415;BEBEDOURO GAR MESA GEL
/material-hidraulico/tubos-e-conexoes/luvas/luva-de-correr-esgoto-100mm?produto=1052600;LUVA DESCART NBR COBALT G EMB 300 UNID
/utilidades-domesticas/lavanderia/produtos-de-limpeza/limpador-desincrustante-1-litro?produto=1180369;LIMPADOR DESINFETANTE VEJA X-14 500ML
/iluminacao/lampioes-e-lanternas/lanterna-em-metal-rose-gold-11x10-5x23-5cm?produto=1385218;LANTERNA P
/utilidades-domesticas/cozinha/utensilios/concha-28cm-mogno?produto=1363244;CONCHA P
/ferramentas/manuais/grampeador/grampeador-manual-2-em-1-vermelho?produto=1378977;GRAMPEADOR ALIC 26
/tintas-e-acessorios/oculos-de-protecao-profissional-pro-vision-incolor?produto=1370282;OCULOS SEG NY CARBOGRAFITE
/moveis/cadeiras-e-mesas/conjunto-para-jardim-kangfu-6-pecas-champagne?produto=1378512;CONJUNTO DIMEP C1928527
/utilidades-domesticas/cozinha/utensilios/luva-descartavel-esfrebom-transparente-com-20-unidades?produto=1361962;LUVA DESCARTAVEL AMBID PU UNICO 100UN
/utilidades-domesticas/cozinha/utensilios/faca-para-pao-6-cross-preto?produto=1384671;FACA PASSADOR 10"" PROF AI C"
/fechadura-e-seguranca/seguranca-pessoal/capa-em-pvc-forrada-grande-amarela?produto=1372281;CAPA CAIXA DAGUA PVC
/produto/telefone-com-fio-e-chave-para-bloqueio-pleno-cinza-artico?produto=1090678;BLOQUEIO TAGOUT DBPEP
/produto/telefone-com-fio-e-chave-para-bloqueio-pleno-cinza-artico?produto=1090678;BLOQUEIO TAGOUT BVEAG
/ferragens/pregos-parafusos-e-buchas/parafuso/parafuso-com-cabeca-chata-4-2x32mm-com-10-pecas?produto=1357792;PARAFUSO HERCULES AT24.0035
/utilidades-domesticas/cozinha/suporte-e-organizador/caixa-para-mercado-ecobox-45-litros-preta?produto=1217677;CAIXA PAPELAO HERCULES AT58.0004
/tintas-e-acessorios/adesivos-e-colas/adesivo-de-contato-tradicional-730g?produto=1142301;ADESIVO JUNTA FLUORADO 720GR
/utilidades-domesticas/lavanderia/banco-e-escada/escada-em-aluminio-com-8-degraus?produto=1226835;ESCADA TELESC AC 18 DEGR 5M 1,56M"
/telhas-e-calhas/impermeabilizacao/mantas-e-fitas-asfalticas/manta-asfaltica-vedamax-aluminio?produto=1380122;MANTA IMP MONOCOMP VEDACIT 1505558284
/utilidades-domesticas/cozinha/garrafa-e-jarra/jarra-de-vidro-para-suco-1-litro?produto=1379834;SUCO
/material-eletrico/espelhos-de-luz/placa-4x2-para-1-posto-arteor-grafite?produto=1227030;PLACA GRAFITE 120X300X600MM
/material-eletrico/espelhos-de-luz/placa-4x2-para-1-posto-arteor-grafite?produto=1227030;PLACA GRAFITE 750X443
/material-eletrico/espelhos-de-luz/placa-4x2-para-1-posto-arteor-grafite?produto=1227030;PLACA GRAFITE 100X300X600MM
/ferramentas/eletricas/serras/lamina-para-serra-tico-tico-6-dentes-com-2-pecas?produto=1216857;SERRA FITA 2
/tintas-e-acessorios/massa-corrida/massa-corrida-branca-25kg?produto=1359958;MASSA REFRATARIA RESIMUR A97-05-BR
/tintas-e-acessorios/massa-corrida/massa-corrida-branca-25kg?produto=1359958;MASSA REFRATARIA COMPRIT B65G-5-BR
/material-de-construcao/blocos-e-tijolos/blocos-ceramicos/tijolo-refratario-liso-11-5x23x5-1cm?produto=1078267;TIJOLO REF UREX A07S R1 229X152-137X76MM
/tintas-e-acessorios/seladores-e-fundos/seladores-para-madeiras/massa-para-madeira-f12-branco-200g?produto=1376526;MASSA REFRATARIA ANKERMIX NS10-BR
/tintas-e-acessorios/seladores-e-fundos/seladores-para-madeiras/massa-para-madeira-f12-branco-200g?produto=1376526;MASSA REFRATARIA COMPRIT F53-5-BR
/material-eletrico/espelhos-de-luz/placa-4x2-para-1-posto-arteor-grafite?produto=1227030;PLACA GRAFITE 1000X400X100MM
/material-hidraulico/tubos-e-conexoes/reducoes/reducao-de-cobre-28x15mm?produto=1172991;CADINHO COBRE 250MM
/material-eletrico/espelhos-de-luz/placa-4x2-para-1-posto-arteor-grafite?produto=1227030;PLACA GRAFITE 1000X300X60MM
/material-eletrico/espelhos-de-luz/placa-4x2-para-1-posto-arteor-grafite?produto=1227030;PLACA GRAFITE 30X110X825MM
/tintas-e-acessorios/seladores-e-fundos/seladores-para-madeiras/massa-para-madeira-f12-branco-200g?produto=1376526;MASSA REFRATARIA BAIXO TEOR
/material-eletrico/espelhos-de-luz/placa-4x2-para-1-posto-arteor-grafite?produto=1227030;PLACA GRAFITE 50X380X600MM
/moveis/cadeiras-e-mesas/conjunto-para-jardim-kangfu-6-pecas-champagne?produto=1378512;CONJUNTO COR
/material-hidraulico/tubos-e-conexoes/adaptadores/adaptador-para-caixa-d-agua-com-registro-25mm?produto=1080870;ADAPTADOR ALLENBRADLEY 1734-AENTR
/utilidades-domesticas/cozinha/utensilios/suporte-para-utensilios-chumbo?produto=1221232;UTENSILIOS COURO FAZENDA
/ferragens/dobradicas/dobradica-para-porta-com-rolamento-com-3-pecas-cromada?produto=1138854;ROLAMENTO ACES EXC P
/ferramentas/acessorios-para-ferramentas/caixa-para-ferramentas-19-em-polipropileno-22x24x48cm-preto-e-vermelho?produto=1364805;FERRAMENTA PNEUM EXC P
/material-hidraulico/tubos-e-conexoes/tubos/tubo-de-ligacao-para-bacia-1-1/2-x23cm-cromado?produto=1168720;TUBO PLAST E ACES EXC P
/material-de-construcao/banheiras/banheira-retangular-com-motor-3-jatos-mysia-p2-150x79cm-branca?produto=1179300;MOTOR
/telhas-e-calhas/calhas-e-rufos/calhas-de-pvc/condutor-em-pvc-classic-80mm-cobre?produto=1362145;CONDUTOR ELE ACES EXC P
/utilidades-domesticas/cozinha/aparelho-de-jantar/aparelho-de-jantar-em-ceramica-16-pecas-branco?produto=1379315;APARELHO COM ACES EXC P
/material-de-construcao/cimentos-e-argamassas/cimentos/cimento-todas-as-obras-50kg?produto=1228972;OBRAS FERRO
/pisos-e-revestimentos/pisos-laminados/pisos-laminados/piso-laminado-new-wayne-1064-com-120x21-5cm?produto=1367303;LAMINADO PLANO AC EXC P
/material-eletrico/transformadores-e-reatores/transformador-high-tech-bivolt-750va-185?produto=1048833;TRANSFORMADOR CONV P
/material-de-construcao/banheiras/banheira-retangular-com-motor-3-jatos-mysia-p2-150x79cm-branca?produto=1179300;PARTE MOTOR
/utilidades-domesticas/cozinha/aparelho-de-jantar/aparelho-de-jantar-em-ceramica-16-pecas-branco?produto=1379315;APARELHO MED ELET EXC P
/tintas-e-acessorios/adesivos-e-colas/colas-instantaneas/cola-spray-reposicionavel-500ml-amarelada?produto=1305575;COLA
